source,lis_sha256,atp_sha256,declared_runs,raw,retained,excluded,time_min,time_max,admissible_min,admissible_max,status
100-simulacoes/casos/T_MAN/CRPI/CASO-COMPLETO/SDEF/case.lis,37257bbcb82f05491d4e3a8eb4ce50b695c04e8fc9a3824d068bb4a19cfc9a44,3d6892988e1e0de7e33a53ee32d2c25c3939813f3e1b30e1f750df8ce15a3231,100,900,900,0,0.02002,0.08053,0.0,0.3,valid
100-simulacoes/casos/T_MAN/SRPI/CASO-COMPLETO/SDEF/case.lis,0dce7413ff06953b756c37a8dfa729d2eb06cbbc7d647d48fc8cdff6cf28ce52,b13a629dd03d58d9de4d7df8b92ecbdbd03e3402d92936664b2b9a82c452f66c,100,900,900,0,0.02055,0.04755,0.0,0.3,valid
1000-simulacoes/casos/T_MAN/CRPI/CASO-COMPLETO/SDEF/case.lis,3ae12ea7e2bdc1205eaac6d8f63c2601f1f271a5cb5d6dd1375683e4014a789d,979d99c525fa85e098f9429bb747dc2936c6914175359ece5751a83822d024ec,1000,9000,9000,0,0.01879,0.09997,0.0,0.3,valid
1000-simulacoes/casos/T_MAN/SRPI/CASO-COMPLETO/SDEF/case.lis,d4e0a28fb48fff28ec6c18c43d17e5d9242ab7c6207264866e3625632431d8df,495063ce8844ca1fe4390ff5771e9949f0e511da6d7cd333b9c66e00467c3168,1000,9000,9000,0,0.01896,0.05566,0.0,0.3,valid
10000-simulacoes/casos/T_MAN/CRPI/CASO-COMPLETO/SDEF/case.lis,90f16ae044cb6c1dee3efbbfcc119b2ae029e8b4f1fa9756ba27dbffd9a189c0,8f73934c82d68ab456cf54b2167d52352d413a669fa64da6a42e4e37757cb690,10000,90000,90000,0,0.01876,0.09719,0.0,0.3,valid
10000-simulacoes/casos/T_MAN/SRPI/CASO-COMPLETO/SDEF/case.lis,c33f7168904d50407d94258b1b7c297306ae6022747a194cd68d20866eed3199,0b89b013e7811d473b45896dc815ee1b9df18d50a3b91c50792904b4f14ec0ee,10000,90000,90000,0,0.0187,0.0561,0.0,0.3,valid
200-simulacoes/casos/T_MAN/CRPI/CASO-COMPLETO/SDEF/case.lis,e5ec79c2dcb85c221838347dbaabecdffba2dd0a2ccfbcb894c843bdbfbac459,c52648e6aee43033c51e6c17c2fef5c10fb2cda9439fcf61a20b30dd7cd135fc,200,1800,1800,0,0.01881,0.07492,0.0,0.3,valid
200-simulacoes/casos/T_MAN/SRPI/CASO-COMPLETO/SDEF/case.lis,ed2f2e202ed3bab5a149b4ade988e368fadf38e047d02463340d5a298b88a7a8,93d94221c1ff1967ff57bb42d193338cbf0057e08380a1b817d82c14e7eecfc8,200,1800,1800,0,0.02015,0.04779,0.0,0.3,valid
50-simulacoes/casos/T_MAN/CRPI/CASO-COMPLETO/SDEF/case.lis,e7e7afe2d681037bebb84a2be750498f02d37a4a22215b6cf56a3f83c540a3b6,175c77078500d510e7e3dd711900527056257f438603ea5daa6e87fc6b87f619,50,450,450,0,0.01993,0.06377,0.0,0.3,valid
50-simulacoes/casos/T_MAN/SRPI/CASO-COMPLETO/SDEF/case.lis,b09fa9d252bab8e2280af63978941e42c8d6c74bc9f8a1cb18d6eac580c6c3a3,92344c8646bd85d3c9d42135a486efc8db0248489a86d3ffe037deea67b1407d,50,450,450,0,0.02076,0.04767,0.0,0.3,valid
