path,sha256,total_runs,header_count,run,source_line,switch_10,t_man_a_value,t_man_a_time,half_lt_a_value,half_lt_a_time,t_opo_a_value,t_opo_a_time
50-simulacoes/casos/T_MAN/SRPI/CASO-COMPLETO/SDEF/case.lis,b09fa9d252bab8e2280af63978941e42c8d6c74bc9f8a1cb18d6eac580c6c3a3,50,42,1,1784,0.026631773,-134686.54,0.02636,-207200.03,0.02649,-198799.41,0.02664
50-simulacoes/casos/T_MAN/SRPI/CASO-COMPLETO/SDEF/case.lis,b09fa9d252bab8e2280af63978941e42c8d6c74bc9f8a1cb18d6eac580c6c3a3,50,42,50,2422,0.023922609,-155259.81,0.02608,-203520.13,0.02620,-199415.50,0.02633
100-simulacoes/casos/T_MAN/SRPI/CASO-COMPLETO/SDEF/case.lis,0dce7413ff06953b756c37a8dfa729d2eb06cbbc7d647d48fc8cdff6cf28ce52,100,42,1,1784,0.025831195,-152178.51,0.02559,-211732.87,0.02572,-204404.45,0.02550
100-simulacoes/casos/T_MAN/SRPI/CASO-COMPLETO/SDEF/case.lis,0dce7413ff06953b756c37a8dfa729d2eb06cbbc7d647d48fc8cdff6cf28ce52,100,42,100,3072,0.036511708,-130870.80,0.04186,-148460.26,0.04202,-164853.93,0.04206
200-simulacoes/casos/T_MAN/SRPI/CASO-COMPLETO/SDEF/case.lis,ed2f2e202ed3bab5a149b4ade988e368fadf38e047d02463340d5a298b88a7a8,200,42,1,1784,0.033661348,175254.97,0.03426,210422.222,0.03436,202656.904,0.03451
200-simulacoes/casos/T_MAN/SRPI/CASO-COMPLETO/SDEF/case.lis,ed2f2e202ed3bab5a149b4ade988e368fadf38e047d02463340d5a298b88a7a8,200,42,200,4372,0.031965342,147839.517,0.03218,209771.209,0.03230,205128.67,0.03245
1000-simulacoes/casos/T_MAN/SRPI/CASO-COMPLETO/SDEF/case.lis,d4e0a28fb48fff28ec6c18c43d17e5d9242ab7c6207264866e3625632431d8df,1000,42,1,1784,0.026098245,143723.845,0.03282,155564.83,0.03279,170740.41,0.03398
1000-simulacoes/casos/T_MAN/SRPI/CASO-COMPLETO/SDEF/case.lis,d4e0a28fb48fff28ec6c18c43d17e5d9242ab7c6207264866e3625632431d8df,1000,42,1000,14772,0.034981620,-145702.45,0.04153,174560.327,0.03572,186024.029,0.03586
10000-simulacoes/casos/T_MAN/SRPI/CASO-COMPLETO/SDEF/case.lis,c33f7168904d50407d94258b1b7c297306ae6022747a194cd68d20866eed3199,10000,42,1,1784,0.031975127,169640.044,0.03439,209503.165,0.03451,199691.44,0.03464
10000-simulacoes/casos/T_MAN/SRPI/CASO-COMPLETO/SDEF/case.lis,c33f7168904d50407d94258b1b7c297306ae6022747a194cd68d20866eed3199,10000,42,10000,131772,0.030288609,140299.777,0.03272,204743.776,0.03149,201017.858,0.03288
