position,source_line,variable_name,node_name
1,1784,RPI_C,MEASUC
2,1784,RPI_B,MEASUB
3,1784,RPI_A,MEASUA
4,1784,TERRA,PRMANA
5,1784,TERRA,PRMANB
6,1784,TERRA,PRMANC
7,1784,TERRA,PROPOA
8,1784,TERRA,PROPOB
9,1784,TERRA,PROPOC
10,1784,T_MANC,MEASUC
11,1787,T_MANA,MEASUA
12,1787,T_MANB,MEASUB
13,1787,9049A,
14,1787,9049B,
15,1787,9049C,
16,1787,T_MANA,
17,1787,T_MANB,
18,1787,T_MANC,
19,1787,1_2LTC,
20,1787,1_2LTA,
21,1790,1_2LTB,
22,1790,T_OPOA,
23,1790,T_OPOB,
24,1790,T_OPOC,
25,1790,T_MANA,T_MANC
26,1790,T_MANB,T_MANA
27,1790,T_MANC,T_MANB
28,1790,1_2LTC,1_2LTB
29,1790,1_2LTA,1_2LTC
30,1790,1_2LTB,1_2LTA
31,1793,T_OPOA,T_OPOC
32,1793,T_OPOB,T_OPOA
33,1793,T_OPOC,T_OPOB
34,1793,XX0014,RPI_C
35,1793,XX0015,RPI_B
36,1793,XX0016,RPI_A
37,1793,T_MANC,MEASUC
38,1793,T_MANA,MEASUA
39,1793,T_MANB,MEASUB
40,1793,TERRA,PRMANA
41,1796,TERRA,PRMANB
42,1796,TERRA,PRMANC
43,1796,TERRA,PROPOA
44,1796,TERRA,PROPOB
45,1796,TERRA,PROPOC
46,1796,RPI_C,MEASUC
47,1796,RPI_B,MEASUB
48,1796,RPI_A,MEASUA
