path,sha256,total_runs,header_count,run,source_line,switch_10,t_man_a_value,t_man_a_time,half_lt_a_value,half_lt_a_time,t_opo_a_value,t_opo_a_time
50-simulacoes/casos/T_MAN/CRPI/CASO-COMPLETO/SDEF/case.lis,e7e7afe2d681037bebb84a2be750498f02d37a4a22215b6cf56a3f83c540a3b6,50,48,1,1798,0.026631773,-113915.96,.04164,-130911.81,.02649,-142524.41,.02664
50-simulacoes/casos/T_MAN/CRPI/CASO-COMPLETO/SDEF/case.lis,e7e7afe2d681037bebb84a2be750498f02d37a4a22215b6cf56a3f83c540a3b6,50,48,50,2485,0.030296401,114410.669,.03327,-115937.2,.0422,-116448.8,.04203
100-simulacoes/casos/T_MAN/CRPI/CASO-COMPLETO/SDEF/case.lis,37257bbcb82f05491d4e3a8eb4ce50b695c04e8fc9a3824d068bb4a19cfc9a44,100,48,1,1798,0.030180142,117872.847,.03335,-121499.52,.0414,-123959.47,.04157
100-simulacoes/casos/T_MAN/CRPI/CASO-COMPLETO/SDEF/case.lis,37257bbcb82f05491d4e3a8eb4ce50b695c04e8fc9a3824d068bb4a19cfc9a44,100,48,100,3185,0.023849122,-131852.17,.02476,-138520.79,.02435,-152504.7,.02448
200-simulacoes/casos/T_MAN/CRPI/CASO-COMPLETO/SDEF/case.lis,e5ec79c2dcb85c221838347dbaabecdffba2dd0a2ccfbcb894c843bdbfbac459,200,48,1,1798,0.031173342,115382.805,.03296,-118355.23,.04133,-119346.44,.04146
200-simulacoes/casos/T_MAN/CRPI/CASO-COMPLETO/SDEF/case.lis,e5ec79c2dcb85c221838347dbaabecdffba2dd0a2ccfbcb894c843bdbfbac459,200,48,200,4585,0.031690589,114799.268,.03312,-120041.97,.04179,-124849.69,.04197
1000-simulacoes/casos/T_MAN/CRPI/CASO-COMPLETO/SDEF/case.lis,3ae12ea7e2bdc1205eaac6d8f63c2601f1f271a5cb5d6dd1375683e4014a789d,1000,48,1,1798,0.026098245,-116580.01,.04148,-121225.25,.04152,-123463.29,.04136
1000-simulacoes/casos/T_MAN/CRPI/CASO-COMPLETO/SDEF/case.lis,3ae12ea7e2bdc1205eaac6d8f63c2601f1f271a5cb5d6dd1375683e4014a789d,1000,48,1000,15785,0.035778894,115140.789,.04971,124673.496,.03506,133837.658,.0352
10000-simulacoes/casos/T_MAN/CRPI/CASO-COMPLETO/SDEF/case.lis,90f16ae044cb6c1dee3efbbfcc119b2ae029e8b4f1fa9756ba27dbffd9a189c0,10000,48,1,1798,0.031975127,121928.073,.03491,132400.941,.03451,144367.515,.03465
10000-simulacoes/casos/T_MAN/CRPI/CASO-COMPLETO/SDEF/case.lis,90f16ae044cb6c1dee3efbbfcc119b2ae029e8b4f1fa9756ba27dbffd9a189c0,10000,48,10000,141785,0.022765375,-134359.07,.0251,-133465.53,.0247,-150207.52,.02483
