source,source_line,simulation,terminal,phase,signed_volts,base_volts,expected_pu,csv_pu,absolute_error
100-simulacoes/casos/T_MAN/SRPI/CASO-COMPLETO/SDEF/case.lis,1784,1,T_MAN,A,-152178.51,112677.0,1.350572965201416438137330600,1.3505729652014165,6.1862669400E-17
100-simulacoes/casos/T_MAN/SRPI/CASO-COMPLETO/SDEF/case.lis,1784,1,1_2LT,A,-211732.87,112677.0,1.879113483674574225440861933,1.8791134836745742,2.5440861933E-17
100-simulacoes/casos/T_MAN/SRPI/CASO-COMPLETO/SDEF/case.lis,1784,1,T_OPO,A,-204404.45,112677.0,1.814074300877730149010002041,1.8140743008777303,1.50989997959E-16
100-simulacoes/casos/T_MAN/SRPI/CASO-COMPLETO/SDEF/case.lis,3072,100,T_MAN,A,-130870.80,112677.0,1.161468622700284885114087170,1.1614686227002848,8.5114087170E-17
100-simulacoes/casos/T_MAN/SRPI/CASO-COMPLETO/SDEF/case.lis,3072,100,1_2LT,A,-148460.26,112677.0,1.317573772819652635409178448,1.3175737728196528,1.64590821552E-16
100-simulacoes/casos/T_MAN/SRPI/CASO-COMPLETO/SDEF/case.lis,3072,100,T_OPO,A,-164853.93,112677.0,1.463066375569104608748901728,1.4630663755691045,1.08748901728E-16
1000-simulacoes/casos/T_MAN/SRPI/CASO-COMPLETO/SDEF/case.lis,1784,1,T_MAN,A,143723.845,112677.0,1.275538441740550422890208295,1.2755384417405504,2.2890208295E-17
1000-simulacoes/casos/T_MAN/SRPI/CASO-COMPLETO/SDEF/case.lis,1784,1,1_2LT,A,155564.83,112677.0,1.380626303504708148069259920,1.380626303504708,1.48069259920E-16
1000-simulacoes/casos/T_MAN/SRPI/CASO-COMPLETO/SDEF/case.lis,1784,1,T_OPO,A,170740.41,112677.0,1.515308448041747650363428206,1.5153084480417476,5.0363428206E-17
1000-simulacoes/casos/T_MAN/SRPI/CASO-COMPLETO/SDEF/case.lis,14772,1000,T_MAN,A,-145702.45,112677.0,1.293098414050782324698030654,1.2930984140507824,7.5301969346E-17
1000-simulacoes/casos/T_MAN/SRPI/CASO-COMPLETO/SDEF/case.lis,14772,1000,1_2LT,A,174560.327,112677.0,1.549209927491857255695483550,1.5492099274918572,5.5695483550E-17
1000-simulacoes/casos/T_MAN/SRPI/CASO-COMPLETO/SDEF/case.lis,14772,1000,T_OPO,A,186024.029,112677.0,1.650949430673518109285834731,1.6509494306735182,9.0714165269E-17
10000-simulacoes/casos/T_MAN/SRPI/CASO-COMPLETO/SDEF/case.lis,1784,1,T_MAN,A,169640.044,112677.0,1.505542781579204274164203875,1.5055427815792042,7.4164203875E-17
10000-simulacoes/casos/T_MAN/SRPI/CASO-COMPLETO/SDEF/case.lis,1784,1,1_2LT,A,209503.165,112677.0,1.859325017527978203182548346,1.8593250175279783,9.6817451654E-17
10000-simulacoes/casos/T_MAN/SRPI/CASO-COMPLETO/SDEF/case.lis,1784,1,T_OPO,A,199691.44,112677.0,1.772246687433992740310799897,1.7722466874339928,5.9689200103E-17
10000-simulacoes/casos/T_MAN/SRPI/CASO-COMPLETO/SDEF/case.lis,131772,10000,T_MAN,A,140299.777,112677.0,1.245150092742973277598800110,1.2451500927429733,2.2401199890E-17
10000-simulacoes/casos/T_MAN/SRPI/CASO-COMPLETO/SDEF/case.lis,131772,10000,1_2LT,A,204743.776,112677.0,1.817085793906476033263221421,1.8170857939064762,1.66736778579E-16
10000-simulacoes/casos/T_MAN/SRPI/CASO-COMPLETO/SDEF/case.lis,131772,10000,T_OPO,A,201017.858,112677.0,1.784018548594655519760022010,1.7840185485946556,8.0239977990E-17
200-simulacoes/casos/T_MAN/SRPI/CASO-COMPLETO/SDEF/case.lis,1784,1,T_MAN,A,175254.97,112677.0,1.555374832485777931609822768,1.555374832485778,6.8390177232E-17
200-simulacoes/casos/T_MAN/SRPI/CASO-COMPLETO/SDEF/case.lis,1784,1,1_2LT,A,210422.222,112677.0,1.867481580091766731453624076,1.8674815800917668,6.8546375924E-17
200-simulacoes/casos/T_MAN/SRPI/CASO-COMPLETO/SDEF/case.lis,1784,1,T_OPO,A,202656.904,112677.0,1.798564960018459845398794785,1.79856496001846,1.54601205215E-16
200-simulacoes/casos/T_MAN/SRPI/CASO-COMPLETO/SDEF/case.lis,4372,200,T_MAN,A,147839.517,112677.0,1.312064724832929524215234697,1.3120647248329294,1.24215234697E-16
200-simulacoes/casos/T_MAN/SRPI/CASO-COMPLETO/SDEF/case.lis,4372,200,1_2LT,A,209771.209,112677.0,1.861703888104937121151610355,1.8617038881049373,1.78848389645E-16
200-simulacoes/casos/T_MAN/SRPI/CASO-COMPLETO/SDEF/case.lis,4372,200,T_OPO,A,205128.67,112677.0,1.820501699548266283269877615,1.8205016995482663,1.6730122385E-17
50-simulacoes/casos/T_MAN/SRPI/CASO-COMPLETO/SDEF/case.lis,1784,1,T_MAN,A,-134686.54,112677.0,1.195333031585860468418576994,1.1953330315858606,1.31581423006E-16
50-simulacoes/casos/T_MAN/SRPI/CASO-COMPLETO/SDEF/case.lis,1784,1,1_2LT,A,-207200.03,112677.0,1.838884865589250690025471037,1.8388848655892507,9.974528963E-18
50-simulacoes/casos/T_MAN/SRPI/CASO-COMPLETO/SDEF/case.lis,1784,1,T_OPO,A,-198799.41,112677.0,1.764329987486354801778535105,1.7643299874863547,1.01778535105E-16
50-simulacoes/casos/T_MAN/SRPI/CASO-COMPLETO/SDEF/case.lis,2422,50,T_MAN,A,-155259.81,112677.0,1.377919273676082962805186507,1.377919273676083,3.7194813493E-17
50-simulacoes/casos/T_MAN/SRPI/CASO-COMPLETO/SDEF/case.lis,2422,50,1_2LT,A,-203520.13,112677.0,1.806226026607027166147483515,1.8062260266070271,6.6147483515E-17
50-simulacoes/casos/T_MAN/SRPI/CASO-COMPLETO/SDEF/case.lis,2422,50,T_OPO,A,-199415.50,112677.0,1.769797740443923782138324592,1.7697977404439238,1.7861675408E-17
100-simulacoes/casos/T_MAN/CRPI/CASO-COMPLETO/SDEF/case.lis,1798,1,T_MAN,A,117872.847,112677.0,1.046112755930669080646449586,1.046112755930669,8.0646449586E-17
100-simulacoes/casos/T_MAN/CRPI/CASO-COMPLETO/SDEF/case.lis,1798,1,1_2LT,A,-121499.52,112677.0,1.078299209244122580473388535,1.0782992092441226,1.9526611465E-17
100-simulacoes/casos/T_MAN/CRPI/CASO-COMPLETO/SDEF/case.lis,1798,1,T_OPO,A,-123959.47,112677.0,1.100131082652182787969150758,1.1001310826521828,1.2030849242E-17
100-simulacoes/casos/T_MAN/CRPI/CASO-COMPLETO/SDEF/case.lis,3185,100,T_MAN,A,-131852.17,112677.0,1.170178208507503749656096630,1.1701782085075039,1.50343903370E-16
100-simulacoes/casos/T_MAN/CRPI/CASO-COMPLETO/SDEF/case.lis,3185,100,1_2LT,A,-138520.79,112677.0,1.229361715345633980315414858,1.229361715345634,1.9684585142E-17
100-simulacoes/casos/T_MAN/CRPI/CASO-COMPLETO/SDEF/case.lis,3185,100,T_OPO,A,-152504.7,112677.0,1.353467877206528395324689156,1.3534678772065285,1.04675310844E-16
1000-simulacoes/casos/T_MAN/CRPI/CASO-COMPLETO/SDEF/case.lis,1798,1,T_MAN,A,-116580.01,112677.0,1.034638923649014439504069153,1.0346389236490143,1.39504069153E-16
1000-simulacoes/casos/T_MAN/CRPI/CASO-COMPLETO/SDEF/case.lis,1798,1,1_2LT,A,-121225.25,112677.0,1.075865083379926693113945171,1.0758650833799266,9.3113945171E-17
1000-simulacoes/casos/T_MAN/CRPI/CASO-COMPLETO/SDEF/case.lis,1798,1,T_OPO,A,-123463.29,112677.0,1.095727522032002981975025959,1.0957275220320029,8.1975025959E-17
1000-simulacoes/casos/T_MAN/CRPI/CASO-COMPLETO/SDEF/case.lis,15785,1000,T_MAN,A,115140.789,112677.0,1.021865944247716925370750020,1.021865944247717,7.4629249980E-17
1000-simulacoes/casos/T_MAN/CRPI/CASO-COMPLETO/SDEF/case.lis,15785,1000,1_2LT,A,124673.496,112677.0,1.106468010330413482787081658,1.1064680103304134,8.2787081658E-17
1000-simulacoes/casos/T_MAN/CRPI/CASO-COMPLETO/SDEF/case.lis,15785,1000,T_OPO,A,133837.658,112677.0,1.187799266931139451707091953,1.1877992669311395,4.8292908047E-17
10000-simulacoes/casos/T_MAN/CRPI/CASO-COMPLETO/SDEF/case.lis,1798,1,T_MAN,A,121928.073,112677.0,1.082102585265848398519662398,1.0821025852658483,9.8519662398E-17
10000-simulacoes/casos/T_MAN/CRPI/CASO-COMPLETO/SDEF/case.lis,1798,1,1_2LT,A,132400.941,112677.0,1.175048510343725871295827897,1.1750485103437258,7.1295827897E-17
10000-simulacoes/casos/T_MAN/CRPI/CASO-COMPLETO/SDEF/case.lis,1798,1,T_OPO,A,144367.515,112677.0,1.281250965148166884102345643,1.281250965148167,1.15897654357E-16
10000-simulacoes/casos/T_MAN/CRPI/CASO-COMPLETO/SDEF/case.lis,141785,10000,T_MAN,A,-134359.07,112677.0,1.192426759675887714440391562,1.1924267596758877,1.4440391562E-17
10000-simulacoes/casos/T_MAN/CRPI/CASO-COMPLETO/SDEF/case.lis,141785,10000,1_2LT,A,-133465.53,112677.0,1.184496658590484304693948188,1.1844966585904844,9.5306051812E-17
10000-simulacoes/casos/T_MAN/CRPI/CASO-COMPLETO/SDEF/case.lis,141785,10000,T_OPO,A,-150207.52,112677.0,1.333080575450180604737435324,1.3330805754501804,2.04737435324E-16
200-simulacoes/casos/T_MAN/CRPI/CASO-COMPLETO/SDEF/case.lis,1798,1,T_MAN,A,115382.805,112677.0,1.024013818259272078596341756,1.024013818259272,7.8596341756E-17
200-simulacoes/casos/T_MAN/CRPI/CASO-COMPLETO/SDEF/case.lis,1798,1,1_2LT,A,-118355.23,112677.0,1.050393869201345438731950620,1.0503938692013455,6.1268049380E-17
200-simulacoes/casos/T_MAN/CRPI/CASO-COMPLETO/SDEF/case.lis,1798,1,T_OPO,A,-119346.44,112677.0,1.059190784277181678603441696,1.0591907842771817,2.1396558304E-17
200-simulacoes/casos/T_MAN/CRPI/CASO-COMPLETO/SDEF/case.lis,4585,200,T_MAN,A,114799.268,112677.0,1.018834970757119909120761114,1.0188349707571198,1.09120761114E-16
200-simulacoes/casos/T_MAN/CRPI/CASO-COMPLETO/SDEF/case.lis,4585,200,1_2LT,A,-120041.97,112677.0,1.065363561330173859793924226,1.065363561330174,1.40206075774E-16
200-simulacoes/casos/T_MAN/CRPI/CASO-COMPLETO/SDEF/case.lis,4585,200,T_OPO,A,-124849.69,112677.0,1.108031718984353506039386920,1.1080317189843536,9.3960613080E-17
50-simulacoes/casos/T_MAN/CRPI/CASO-COMPLETO/SDEF/case.lis,1798,1,T_MAN,A,-113915.96,112677.0,1.010995677911197493720990087,1.0109956779111975,6.279009913E-18
50-simulacoes/casos/T_MAN/CRPI/CASO-COMPLETO/SDEF/case.lis,1798,1,1_2LT,A,-130911.81,112677.0,1.161832583402114007295188903,1.161832583402114,7.295188903E-18
50-simulacoes/casos/T_MAN/CRPI/CASO-COMPLETO/SDEF/case.lis,1798,1,T_OPO,A,-142524.41,112677.0,1.264893545266558392573462197,1.2648935452665584,7.426537803E-18
50-simulacoes/casos/T_MAN/CRPI/CASO-COMPLETO/SDEF/case.lis,2485,50,T_MAN,A,114410.669,112677.0,1.015386183515713055903156811,1.015386183515713,5.5903156811E-17
50-simulacoes/casos/T_MAN/CRPI/CASO-COMPLETO/SDEF/case.lis,2485,50,1_2LT,A,-115937.2,112677.0,1.028934032677476326135768613,1.0289340326774763,2.6135768613E-17
50-simulacoes/casos/T_MAN/CRPI/CASO-COMPLETO/SDEF/case.lis,2485,50,T_OPO,A,-116448.8,112677.0,1.033474444651526043469385944,1.033474444651526,4.3469385944E-17
