source_file,simulation,terminal,phase,value_pu,time
case.lis,1,T_MAN,A,1.3505729652014165,0.02559
case.lis,1,T_MAN,B,1.2140073839381595,0.03039
case.lis,1,T_MAN,C,1.3507731746496623,0.02652
case.lis,1,1_2LT,C,1.9699739787179282,0.02656
case.lis,1,1_2LT,A,1.8791134836745742,0.02572
case.lis,1,1_2LT,B,1.8192407501087178,0.02901
case.lis,1,T_OPO,A,1.8140743008777303,0.0255
case.lis,1,T_OPO,B,1.7591495158728045,0.02918
case.lis,1,T_OPO,C,1.8054392023216805,0.0267
case.lis,2,T_MAN,A,1.1415949128926046,0.04162
case.lis,2,T_MAN,B,1.1576271909972755,0.03903
case.lis,2,T_MAN,C,1.5142052060313995,0.03691
case.lis,2,1_2LT,C,1.927846055539285,0.03701
case.lis,2,1_2LT,A,1.3900195248364795,0.04173
case.lis,2,1_2LT,B,1.341956610488387,0.03935
case.lis,2,T_OPO,A,1.5108762214116456,0.04296
case.lis,2,T_OPO,B,1.5905316612973368,0.03917
case.lis,2,T_OPO,C,1.8391450784099683,0.03715
case.lis,3,T_MAN,A,1.4203065399327282,0.02522
case.lis,3,T_MAN,B,1.2513662149329499,0.02236
case.lis,3,T_MAN,C,1.1789872467318088,0.0281
case.lis,3,1_2LT,C,1.5856401927633856,0.02216
case.lis,3,1_2LT,A,1.8717932674813846,0.02398
case.lis,3,1_2LT,B,1.768232860299795,0.0211
case.lis,3,T_OPO,A,1.7878758752895443,0.02412
case.lis,3,T_OPO,B,1.7570092920471791,0.02124
case.lis,3,T_OPO,C,1.671134570497972,0.02207
case.lis,4,T_MAN,A,1.261473113412675,0.03458
case.lis,4,T_MAN,B,1.1445435980723662,0.03916
case.lis,4,T_MAN,C,1.5048599092982597,0.03591
case.lis,4,1_2LT,C,1.759645357970127,0.03583
case.lis,4,1_2LT,A,1.7740838325479023,0.03471
case.lis,4,1_2LT,B,1.2444330519981897,0.03927
case.lis,4,T_OPO,A,1.7778443693034072,0.03457
case.lis,4,T_OPO,B,1.316733051110697,0.04755
case.lis,4,T_OPO,C,1.8202521366383555,0.03574
case.lis,5,T_MAN,A,1.20302487641666,0.03341
case.lis,5,T_MAN,B,1.2613762347240343,0.03093
case.lis,5,T_MAN,C,1.1562457644417228,0.03016
case.lis,5,1_2LT,C,1.5412730548381657,0.03003
case.lis,5,1_2LT,A,1.7149483301827348,0.0334
case.lis,5,1_2LT,B,1.9502005733201984,0.02967
case.lis,5,T_OPO,A,1.7450421026473903,0.03356
case.lis,5,T_OPO,B,1.826776893243519,0.02984
case.lis,5,T_OPO,C,1.7162571509713607,0.03021
case.lis,6,T_MAN,A,1.5202942925353,0.033
case.lis,6,T_MAN,B,1.1976225671610001,0.03862
case.lis,6,T_MAN,C,1.2229450553351615,0.03575
case.lis,6,1_2LT,C,1.5025556235966524,0.03573
case.lis,6,1_2LT,A,2.040347249216788,0.03304
case.lis,6,1_2LT,B,1.6160530543056704,0.03269
case.lis,6,T_OPO,A,1.821952545772429,0.03319
case.lis,6,T_OPO,B,1.766046664359186,0.03269
case.lis,6,T_OPO,C,1.7518758930393958,0.03565
case.lis,7,T_MAN,A,1.2986602767201825,0.03233
case.lis,7,T_MAN,B,1.3935024006673946,0.02991
case.lis,7,T_MAN,C,1.2083480479600983,0.02909
case.lis,7,1_2LT,C,1.798003221598019,0.02922
case.lis,7,1_2LT,A,1.73154192958634,0.03248
case.lis,7,1_2LT,B,1.8048247645925966,0.03001
case.lis,7,T_OPO,A,1.7482527933828556,0.03264
case.lis,7,T_OPO,B,1.8170313373625497,0.02981
case.lis,7,T_OPO,C,1.7635661847582027,0.02915
case.lis,8,T_MAN,A,1.2335289366951552,0.02617
case.lis,8,T_MAN,B,1.2784132520390141,0.03112
case.lis,8,T_MAN,C,1.3337825110714696,0.02823
case.lis,8,1_2LT,C,1.9062854886090328,0.0282
case.lis,8,1_2LT,A,1.861037123814088,0.0263
case.lis,8,1_2LT,B,1.539405202481429,0.03116
case.lis,8,T_OPO,A,1.773895293626916,0.02645
case.lis,8,T_OPO,B,1.7579088900130462,0.03095
case.lis,8,T_OPO,C,1.8411809331096853,0.02827
case.lis,9,T_MAN,A,1.2086344151867727,0.02426
case.lis,9,T_MAN,B,1.30523147581139,0.02182
case.lis,9,T_MAN,C,1.2389452150838236,0.0206
case.lis,9,1_2LT,C,1.795714298392751,0.02072
case.lis,9,1_2LT,A,1.2742304995695661,0.02413
case.lis,9,1_2LT,B,1.8086092725223426,0.02183
case.lis,9,T_OPO,A,1.5228948232558552,0.02547
case.lis,9,T_OPO,B,1.809091704606974,0.02188
case.lis,9,T_OPO,C,1.7762694249935655,0.02061
case.lis,10,T_MAN,A,1.3850203590794927,0.03392
case.lis,10,T_MAN,B,1.214079829956424,0.03871
case.lis,10,T_MAN,C,1.2165889223177755,0.03533
case.lis,10,1_2LT,C,1.5336472394543694,0.03537
case.lis,10,1_2LT,A,1.8586924927003736,0.03402
case.lis,10,1_2LT,B,1.3503527605456305,0.03861
case.lis,10,T_OPO,A,1.8212976028825758,0.03384
case.lis,10,T_OPO,B,1.4787608118782005,0.03845
case.lis,10,T_OPO,C,1.6687131357774878,0.03553
case.lis,11,T_MAN,A,1.095990787827152,0.0339
case.lis,11,T_MAN,B,1.2522292925796747,0.02983
case.lis,11,T_MAN,C,1.3437563566655129,0.02733
case.lis,11,1_2LT,C,1.9266392253964875,0.02745
case.lis,11,1_2LT,A,1.3857265724149561,0.03377
case.lis,11,1_2LT,B,1.8280651774541388,0.02993
case.lis,11,T_OPO,A,1.5071773121400107,0.0337
case.lis,11,T_OPO,B,1.770445965015043,0.02997
case.lis,11,T_OPO,C,1.7760157529930687,0.02759
case.lis,12,T_MAN,A,1.5307353763412233,0.02479
case.lis,12,T_MAN,B,1.3432573905943537,0.02345
case.lis,12,T_MAN,C,1.258049406711219,0.02789
case.lis,12,1_2LT,C,1.36247905073795,0.02792
case.lis,12,1_2LT,A,2.0107455825057463,0.02491
case.lis,12,1_2LT,B,1.8574277004180089,0.02341
case.lis,12,T_OPO,A,1.813745839878591,0.02506
case.lis,12,T_OPO,B,1.7708732483115455,0.02355
case.lis,12,T_OPO,C,1.4672094127461683,0.02809
case.lis,13,T_MAN,A,1.491076439734817,0.02546
case.lis,13,T_MAN,B,1.2523405841476078,0.03003
case.lis,13,T_MAN,C,1.1716259662575326,0.02707
case.lis,13,1_2LT,C,1.5117982729394641,0.0259
case.lis,13,1_2LT,A,1.7907079528208951,0.02556
case.lis,13,1_2LT,B,1.674896296493517,0.0243
case.lis,13,T_OPO,A,1.808466501593049,0.02554
case.lis,13,T_OPO,B,1.7459818774017768,0.03142
case.lis,13,T_OPO,C,1.6918507148752628,0.02724
case.lis,14,T_MAN,A,1.1439341835512127,0.03426
case.lis,14,T_MAN,B,1.2201522937245401,0.03131
case.lis,14,T_MAN,C,1.504113678922939,0.02836
case.lis,14,1_2LT,C,1.7930418630243972,0.02848
case.lis,14,1_2LT,A,1.3011675763465482,0.03293
case.lis,14,1_2LT,B,1.534474116279276,0.03133
case.lis,14,T_OPO,A,1.4273050400702896,0.02812
case.lis,14,T_OPO,B,1.7380760936127162,0.03113
case.lis,14,T_OPO,C,1.771956344240617,0.02837
case.lis,15,T_MAN,A,1.2575940786495914,0.03289
case.lis,15,T_MAN,B,1.238674973597096,0.03031
case.lis,15,T_MAN,C,1.451232531927545,0.02819
case.lis,15,1_2LT,C,1.8234044747375242,0.02815
case.lis,15,1_2LT,A,1.562730637130914,0.02734
case.lis,15,1_2LT,B,1.669535930136585,0.02892
case.lis,15,T_OPO,A,1.6802341560389433,0.03294
case.lis,15,T_OPO,B,1.76809251222521,0.03038
case.lis,15,T_OPO,C,1.8129921190660028,0.02815
case.lis,16,T_MAN,A,1.2725616940458124,0.03331
case.lis,16,T_MAN,B,1.4427549544272567,0.03069
case.lis,16,T_MAN,C,1.1950258704083352,0.03594
case.lis,16,1_2LT,C,1.4025808816351164,0.03014
case.lis,16,1_2LT,A,1.6931228289713072,0.03332
case.lis,16,1_2LT,B,1.995097579807769,0.03068
case.lis,16,T_OPO,A,1.7767191796018706,0.03193
case.lis,16,T_OPO,B,1.8036294008537677,0.03093
case.lis,16,T_OPO,C,1.514081729190518,0.02995
case.lis,17,T_MAN,A,1.1486019329588115,0.02537
case.lis,17,T_MAN,B,1.1502788590395556,0.02311
case.lis,17,T_MAN,C,1.3413015965991284,0.02066
case.lis,17,1_2LT,C,1.8307420325354775,0.02077
case.lis,17,1_2LT,A,1.2665027467894958,0.02523
case.lis,17,1_2LT,B,1.3651550449514986,0.02208
case.lis,17,T_OPO,A,1.376714058769758,0.02417
case.lis,17,T_OPO,B,1.5874486896172244,0.02341
case.lis,17,T_OPO,C,1.7718509544982561,0.02055
case.lis,18,T_MAN,A,1.2144310196402104,0.03315
case.lis,18,T_MAN,B,1.2722821871366827,0.0323
case.lis,18,T_MAN,C,1.2174816510911721,0.0358
case.lis,18,1_2LT,C,1.5358022489061653,0.03563
case.lis,18,1_2LT,A,1.678987938976011,0.03325
case.lis,18,1_2LT,B,1.8512522520123893,0.03234
case.lis,18,T_OPO,A,1.7949527587706453,0.03342
case.lis,18,T_OPO,B,1.7894518845904666,0.03248
case.lis,18,T_OPO,C,1.7177002405104858,0.03559
case.lis,19,T_MAN,A,1.2022291150811613,0.0241
case.lis,19,T_MAN,B,1.306690149719996,0.02215
case.lis,19,T_MAN,C,1.3419791084249668,0.02093
case.lis,19,1_2LT,C,1.8835697613532485,0.02097
case.lis,19,1_2LT,A,1.4683351526930963,0.02423
case.lis,19,1_2LT,B,1.6913668450526727,0.02185
case.lis,19,T_OPO,A,1.6667926906112163,0.02435
case.lis,19,T_OPO,B,1.7851095165827986,0.02203
case.lis,19,T_OPO,C,1.7942865003505597,0.0211
case.lis,20,T_MAN,A,1.3666498930571458,0.02467
case.lis,20,T_MAN,B,1.0980156553688862,0.03095
case.lis,20,T_MAN,C,1.217502871038455,0.0283
case.lis,20,1_2LT,C,1.6357706985453995,0.02729
case.lis,20,1_2LT,A,1.8970474897272736,0.02472
case.lis,20,1_2LT,B,1.4192774035517455,0.0311
case.lis,20,T_OPO,A,1.825147634388562,0.0249
case.lis,20,T_OPO,B,1.4539458807032493,0.03094
case.lis,20,T_OPO,C,1.7461877756773787,0.02853
case.lis,21,T_MAN,A,1.234768959059968,0.03391
case.lis,21,T_MAN,B,1.5383575175057909,0.02994
case.lis,21,T_MAN,C,1.3303235265404652,0.02804
case.lis,21,1_2LT,C,1.8542460750641214,0.02816
case.lis,21,1_2LT,A,1.5324667678408193,0.03256
case.lis,21,1_2LT,B,1.9542842816191415,0.03004
case.lis,21,T_OPO,A,1.6587835849374761,0.03412
case.lis,21,T_OPO,B,1.8446334211950977,0.03019
case.lis,21,T_OPO,C,1.8151945561205924,0.02811
case.lis,22,T_MAN,A,1.0940667571909086,0.03352
case.lis,22,T_MAN,B,1.2712084098795673,0.03021
case.lis,22,T_MAN,C,1.4865632560327309,0.02891
case.lis,22,1_2LT,C,1.999626880374877,0.02902
case.lis,22,1_2LT,A,1.6742281920888913,0.02715
case.lis,22,1_2LT,B,1.733418266372019,0.03018
case.lis,22,T_OPO,A,1.6859019143214675,0.02695
case.lis,22,T_OPO,B,1.7976792069366418,0.03015
case.lis,22,T_OPO,C,1.810932523940112,0.02916
case.lis,23,T_MAN,A,1.1729112418683494,0.02349
case.lis,23,T_MAN,B,1.2667392103091137,0.02285
case.lis,23,T_MAN,C,1.1286859962547815,0.02744
case.lis,23,1_2LT,C,1.4478057900015087,0.02756
case.lis,23,1_2LT,A,1.7731251275770568,0.02362
case.lis,23,1_2LT,B,1.9303846836532743,0.023
case.lis,23,T_OPO,A,1.7743095751573081,0.0237
case.lis,23,T_OPO,B,1.8157688614357856,0.02315
case.lis,23,T_OPO,C,1.5160381710553175,0.02764
case.lis,24,T_MAN,A,1.4138410145815028,0.03428
case.lis,24,T_MAN,B,1.2232495096603566,0.03872
case.lis,24,T_MAN,C,1.3045395244814826,0.03589
case.lis,24,1_2LT,C,1.8067232886924571,0.03474
case.lis,24,1_2LT,A,1.9895606024299546,0.0344
case.lis,24,1_2LT,B,1.5108321041561277,0.03762
case.lis,24,T_OPO,A,1.8155576737044827,0.03453
case.lis,24,T_OPO,B,1.7874615671343752,0.03736
case.lis,24,T_OPO,C,1.7501184802577279,0.03489
case.lis,25,T_MAN,A,1.3776981105283244,0.02411
case.lis,25,T_MAN,B,1.306733894228636,0.02194
case.lis,25,T_MAN,C,1.14931434986732,0.02793
case.lis,25,1_2LT,C,1.38221418745618,0.02806
case.lis,25,1_2LT,A,1.6827081835689628,0.02421
case.lis,25,1_2LT,B,1.9137098343051377,0.0219
case.lis,25,T_OPO,A,1.7747857149196375,0.02426
case.lis,25,T_OPO,B,1.794131295650399,0.02204
case.lis,25,T_OPO,C,1.5102071673899733,0.02822
case.lis,26,T_MAN,A,1.2206647763074985,0.03238
case.lis,26,T_MAN,B,1.0572944434090366,0.03817
case.lis,26,T_MAN,C,1.1675982676145087,0.03606
case.lis,26,1_2LT,C,1.6011048394969691,0.03616
case.lis,26,1_2LT,A,1.8109513121577605,0.03234
case.lis,26,1_2LT,B,1.3519148450881724,0.03848
case.lis,26,T_OPO,A,1.7607909245010072,0.03248
case.lis,26,T_OPO,B,1.3827762631237963,0.03829
case.lis,26,T_OPO,C,1.686391011475279,0.03633
case.lis,27,T_MAN,A,1.1751155870319587,0.03363
case.lis,27,T_MAN,B,1.2239751679579685,0.03088
case.lis,27,T_MAN,C,1.2951525422224588,0.02696
case.lis,27,1_2LT,C,1.8510977040567285,0.02692
case.lis,27,1_2LT,A,1.6356347790587256,0.02778
case.lis,27,1_2LT,B,1.6405600965591915,0.03082
case.lis,27,T_OPO,A,1.660654082022063,0.02793
case.lis,27,T_OPO,B,1.7522457111921688,0.02949
case.lis,27,T_OPO,C,1.7535914072969638,0.02706
case.lis,28,T_MAN,A,1.2759399700027512,0.03424
case.lis,28,T_MAN,B,1.1565012646769082,0.03866
case.lis,28,T_MAN,C,1.6121144510414724,0.03569
case.lis,28,1_2LT,C,1.8761197049974707,0.03577
case.lis,28,1_2LT,A,1.8824115658031364,0.03437
case.lis,28,1_2LT,B,1.3492738535814763,0.03862
case.lis,28,T_OPO,A,1.7845315902979313,0.03452
case.lis,28,T_OPO,B,1.5353985285373235,0.03844
case.lis,28,T_OPO,C,1.7910869121471107,0.03553
case.lis,29,T_MAN,A,1.5912011856900699,0.03388
case.lis,29,T_MAN,B,1.1880637752158825,0.03979
case.lis,29,T_MAN,C,1.1821137410474187,0.03543
case.lis,29,1_2LT,C,1.5116470974555587,0.03548
case.lis,29,1_2LT,A,1.905016418612494,0.03399
case.lis,29,1_2LT,B,1.759703133736255,0.03245
case.lis,29,T_OPO,A,1.798696220169156,0.03412
case.lis,29,T_OPO,B,1.7487632791075374,0.03259
case.lis,29,T_OPO,C,1.6898087453517576,0.03413
case.lis,30,T_MAN,A,1.4772021796817452,0.02398
case.lis,30,T_MAN,B,1.2309041330528856,0.02348
case.lis,30,T_MAN,C,1.1691289171703187,0.02825
case.lis,30,1_2LT,C,1.5009320713189025,0.02682
case.lis,30,1_2LT,A,1.936169937076777,0.0239
case.lis,30,1_2LT,B,1.883669666391544,0.02349
case.lis,30,T_OPO,A,1.8043529735438464,0.02416
case.lis,30,T_OPO,B,1.8005143019427212,0.02367
case.lis,30,T_OPO,C,1.719107714972887,0.02818
case.lis,31,T_MAN,A,1.3735544077318351,0.02509
case.lis,31,T_MAN,B,1.2515148610630387,0.02988
case.lis,31,T_MAN,C,1.296580109516583,0.02721
case.lis,31,1_2LT,C,1.6953699424017323,0.02604
case.lis,31,1_2LT,A,1.841867461860007,0.02523
case.lis,31,1_2LT,B,1.676031221988516,0.0298
case.lis,31,T_OPO,A,1.8283850297753756,0.02507
case.lis,31,T_OPO,B,1.7378565279515783,0.03116
case.lis,31,T_OPO,C,1.7503853137729972,0.02573
case.lis,32,T_MAN,A,1.1947835050631452,0.03283
case.lis,32,T_MAN,B,1.3376758344648862,0.03023
case.lis,32,T_MAN,C,1.3083447376128223,0.02815
case.lis,32,1_2LT,C,1.8688552765870585,0.0271
case.lis,32,1_2LT,A,1.6548254213370963,0.03154
case.lis,32,1_2LT,B,1.533640938257142,0.02913
case.lis,32,T_OPO,A,1.74199485254311,0.03163
case.lis,32,T_OPO,B,1.724501894796631,0.02913
case.lis,32,T_OPO,C,1.7726682197786594,0.02724
case.lis,33,T_MAN,A,1.2857274332827462,0.02654
case.lis,33,T_MAN,B,1.137775943626472,0.02983
case.lis,33,T_MAN,C,1.2301566158133426,0.02784
case.lis,33,1_2LT,C,1.3888503243785335,0.02696
case.lis,33,1_2LT,A,1.8633100810280714,0.02652
case.lis,33,1_2LT,B,1.422352831545036,0.03119
case.lis,33,T_OPO,A,1.7942652005289457,0.0266
case.lis,33,T_OPO,B,1.4904058503510031,0.03007
case.lis,33,T_OPO,C,1.4284319692572576,0.0268
case.lis,34,T_MAN,A,1.2507190819776886,0.03381
case.lis,34,T_MAN,B,1.5544711875538042,0.03138
case.lis,34,T_MAN,C,1.2119620685676757,0.03617
case.lis,34,1_2LT,C,1.5823061494359985,0.03626
case.lis,34,1_2LT,A,1.613072321769305,0.03245
case.lis,34,1_2LT,B,1.9367784907301402,0.03149
case.lis,34,T_OPO,A,1.7495101928521348,0.03262
case.lis,34,T_OPO,B,1.8045755566797128,0.03162
case.lis,34,T_OPO,C,1.7157237058139638,0.03641
case.lis,35,T_MAN,A,1.1799114282417884,0.04198
case.lis,35,T_MAN,B,1.1832814061432235,0.03876
case.lis,35,T_MAN,C,1.1522964757670153,0.04479
case.lis,35,1_2LT,C,1.4218796205081783,0.03887
case.lis,35,1_2LT,A,1.4141290591691296,0.04209
case.lis,35,1_2LT,B,1.317917321192435,0.04621
case.lis,35,T_OPO,A,1.5842898728223151,0.04191
case.lis,35,T_OPO,B,1.5200750818711892,0.04634
case.lis,35,T_OPO,C,1.5746258775082758,0.03865
case.lis,36,T_MAN,A,1.4886149613496988,0.03321
case.lis,36,T_MAN,B,1.0975726723288692,0.03861
case.lis,36,T_MAN,C,1.1921279409284946,0.03618
case.lis,36,1_2LT,C,1.4122265413527162,0.03583
case.lis,36,1_2LT,A,1.887302208969,0.03332
case.lis,36,1_2LT,B,1.701571571838086,0.03257
case.lis,36,T_OPO,A,1.8289738278441918,0.03345
case.lis,36,T_OPO,B,1.7331075552242248,0.03272
case.lis,36,T_OPO,C,1.6622726022169565,0.03588
case.lis,37,T_MAN,A,1.3864853519351776,0.02652
case.lis,37,T_MAN,B,1.215172750428215,0.02983
case.lis,37,T_MAN,C,1.2436443639784518,0.02742
case.lis,37,1_2LT,C,1.3526373705370218,0.02695
case.lis,37,1_2LT,A,1.8160793240856608,0.02665
case.lis,37,1_2LT,B,1.5876167274599076,0.02976
case.lis,37,T_OPO,A,1.769154219583411,0.02647
case.lis,37,T_OPO,B,1.7340441261304438,0.02966
case.lis,37,T_OPO,C,1.437181616478962,0.02763
case.lis,38,T_MAN,A,1.3124625256263478,0.02402
case.lis,38,T_MAN,B,1.2532177906760031,0.02318
case.lis,38,T_MAN,C,1.1660348962077445,0.02797
case.lis,38,1_2LT,C,1.4598615955341374,0.02811
case.lis,38,1_2LT,A,1.8874056817274154,0.02413
case.lis,38,1_2LT,B,1.8685615609219273,0.02331
case.lis,38,T_OPO,A,1.8330953078267969,0.02428
case.lis,38,T_OPO,B,1.787819058015389,0.02345
case.lis,38,T_OPO,C,1.5245356017643352,0.0283
case.lis,39,T_MAN,A,1.2201876248036423,0.03527
case.lis,39,T_MAN,B,1.2632538849987132,0.03857
case.lis,39,T_MAN,C,1.2289398013791635,0.03612
case.lis,39,1_2LT,C,1.7790110670323136,0.03486
case.lis,39,1_2LT,A,1.7650805310755522,0.03539
case.lis,39,1_2LT,B,1.7629082776431746,0.03866
case.lis,39,T_OPO,A,1.7737544130567906,0.03552
case.lis,39,T_OPO,B,1.7460204212039723,0.0388
case.lis,39,T_OPO,C,1.7607473574908812,0.03503
case.lis,40,T_MAN,A,1.4048098990920952,0.0322
case.lis,40,T_MAN,B,1.3569496880463625,0.03178
case.lis,40,T_MAN,C,1.2320601364963568,0.03615
case.lis,40,1_2LT,C,1.5771357952377147,0.0362
case.lis,40,1_2LT,A,1.8517517772038659,0.03224
case.lis,40,1_2LT,B,1.8034281175395155,0.03188
case.lis,40,T_OPO,A,1.7770786762160866,0.0324
case.lis,40,T_OPO,B,1.80303424833817,0.03189
case.lis,40,T_OPO,C,1.749705352467673,0.03639
case.lis,41,T_MAN,A,1.3347370803269525,0.02613
case.lis,41,T_MAN,B,1.1649470610683634,0.03032
case.lis,41,T_MAN,C,1.2688475287769465,0.02743
case.lis,41,1_2LT,C,1.4410510751972452,0.02876
case.lis,41,1_2LT,A,1.8463418443870534,0.02624
case.lis,41,1_2LT,B,1.3670801494537483,0.02919
case.lis,41,T_OPO,A,1.80355671521251,0.02638
case.lis,41,T_OPO,B,1.6659710499924563,0.02935
case.lis,41,T_OPO,C,1.5827982108149845,0.0286
case.lis,42,T_MAN,A,1.1441845274545825,0.04182
case.lis,42,T_MAN,B,1.1835257239720618,0.03777
case.lis,42,T_MAN,C,1.4935315104236002,0.03634
case.lis,42,1_2LT,C,2.0728908295393027,0.03642
case.lis,42,1_2LT,A,1.465560132058894,0.03588
case.lis,42,1_2LT,B,1.5831206102398891,0.03893
case.lis,42,T_OPO,A,1.6940967721895328,0.03606
case.lis,42,T_OPO,B,1.780316976845319,0.03906
case.lis,42,T_OPO,C,1.8327343645996965,0.03655
case.lis,43,T_MAN,A,1.281656149879745,0.03279
case.lis,43,T_MAN,B,1.3960977839310595,0.03154
case.lis,43,T_MAN,C,1.1587951400907017,0.03631
case.lis,43,1_2LT,C,1.2975092521100138,0.03644
case.lis,43,1_2LT,A,1.598710340175901,0.03415
case.lis,43,1_2LT,B,1.7834328212501218,0.03164
case.lis,43,T_OPO,A,1.760919513299076,0.03273
case.lis,43,T_OPO,B,1.7894184261206811,0.03151
case.lis,43,T_OPO,C,1.4706237297762632,0.0366
case.lis,44,T_MAN,A,1.285361147350391,0.03328
case.lis,44,T_MAN,B,1.2135127843304314,0.02945
case.lis,44,T_MAN,C,1.1671342865003507,0.03625
case.lis,44,1_2LT,C,1.6160008076182362,0.03008
case.lis,44,1_2LT,A,1.7472204620286305,0.03191
case.lis,44,1_2LT,B,1.611641240004615,0.02942
case.lis,44,T_OPO,A,1.7866235256529726,0.03056
case.lis,44,T_OPO,B,1.7361342598755736,0.02954
case.lis,44,T_OPO,C,1.6281585682969903,0.02993
case.lis,45,T_MAN,A,1.430706089086504,0.02495
case.lis,45,T_MAN,B,1.2025174614162606,0.03059
case.lis,45,T_MAN,C,1.2501226869724966,0.02767
case.lis,45,1_2LT,C,1.5909646955456747,0.0261
case.lis,45,1_2LT,A,1.9459110554949104,0.025
case.lis,45,1_2LT,B,1.619994124799205,0.02473
case.lis,45,T_OPO,A,1.7754527543331824,0.02519
case.lis,45,T_OPO,B,1.7718023199055708,0.02463
case.lis,45,T_OPO,C,1.7734033121222612,0.02619
case.lis,46,T_MAN,A,1.4477840375586855,0.03333
case.lis,46,T_MAN,B,1.122024583544113,0.03843
case.lis,46,T_MAN,C,1.241493028745884,0.03594
case.lis,46,1_2LT,C,1.5822118089761,0.03597
case.lis,46,1_2LT,A,1.8782229203830418,0.03345
case.lis,46,1_2LT,B,1.1355559697187536,0.03839
case.lis,46,T_OPO,A,1.7826140206075776,0.03359
case.lis,46,T_OPO,B,1.3217023616177215,0.03821
case.lis,46,T_OPO,C,1.660717360242108,0.03592
case.lis,47,T_MAN,A,1.1754019808834102,0.03287
case.lis,47,T_MAN,B,1.1785228662459952,0.03892
case.lis,47,T_MAN,C,1.182557931077327,0.03607
case.lis,47,1_2LT,C,1.5116040540660474,0.03601
case.lis,47,1_2LT,A,1.6340117415266646,0.03192
case.lis,47,1_2LT,B,1.7465772961651447,0.0329
case.lis,47,T_OPO,A,1.7224028062514978,0.03206
case.lis,47,T_OPO,B,1.7486743523522992,0.03307
case.lis,47,T_OPO,C,1.6107089290627192,0.03586
case.lis,48,T_MAN,A,1.2875477604125065,0.03533
case.lis,48,T_MAN,B,1.2247715860379669,0.03865
case.lis,48,T_MAN,C,1.3778145495531475,0.03535
case.lis,48,1_2LT,C,1.5219928645597594,0.03675
case.lis,48,1_2LT,A,1.6020736973827845,0.03543
case.lis,48,1_2LT,B,1.4990767769819926,0.03869
case.lis,48,T_OPO,A,1.741676926080744,0.03515
case.lis,48,T_OPO,B,1.5786015335871562,0.03886
case.lis,48,T_OPO,C,1.662246953681763,0.03558
case.lis,49,T_MAN,A,1.4134094269460493,0.0333
case.lis,49,T_MAN,B,1.1303786132041145,0.03967
case.lis,49,T_MAN,C,1.2025391162349015,0.03593
case.lis,49,1_2LT,C,1.5508119669497769,0.03591
case.lis,49,1_2LT,A,1.914379305448317,0.03342
case.lis,49,1_2LT,B,1.3690559386565138,0.03971
case.lis,49,T_OPO,A,1.8098755202925176,0.03342
case.lis,49,T_OPO,B,1.5173716730122386,0.03946
case.lis,49,T_OPO,C,1.737613354988152,0.03455
case.lis,50,T_MAN,A,1.4559631513086078,0.02508
case.lis,50,T_MAN,B,1.16127852179238,0.0298
case.lis,50,T_MAN,C,1.1907759258766208,0.02754
case.lis,50,1_2LT,C,1.358998455762933,0.02754
case.lis,50,1_2LT,A,1.9384176007525935,0.0252
case.lis,50,1_2LT,B,1.3598906609157149,0.02997
case.lis,50,T_OPO,A,1.8058870931955946,0.02497
case.lis,50,T_OPO,B,1.6801459925273126,0.02861
case.lis,50,T_OPO,C,1.5305099266043647,0.02784
case.lis,51,T_MAN,A,1.462574873310436,0.03424
case.lis,51,T_MAN,B,1.2137837979356922,0.03904
case.lis,51,T_MAN,C,1.4094477133754004,0.03568
case.lis,51,1_2LT,C,1.5078620304054953,0.03568
case.lis,51,1_2LT,A,1.8815515322559173,0.03436
case.lis,51,1_2LT,B,1.2967506589632312,0.03696
case.lis,51,T_OPO,A,1.8442826841325204,0.03415
case.lis,51,T_OPO,B,1.4371890625416013,0.03879
case.lis,51,T_OPO,C,1.653666764290849,0.0345
case.lis,52,T_MAN,A,1.5120255242862342,0.02602
case.lis,52,T_MAN,B,1.1874373652120664,0.03064
case.lis,52,T_MAN,C,1.430391765843961,0.02733
case.lis,52,1_2LT,C,1.792296839638968,0.02739
case.lis,52,1_2LT,A,1.8433100810280714,0.02614
case.lis,52,1_2LT,B,1.28223728001278,0.02943
case.lis,52,T_OPO,A,1.7620400791643371,0.02627
case.lis,52,T_OPO,B,1.4628372249882406,0.02958
case.lis,52,T_OPO,C,1.7541234413411788,0.02754
case.lis,53,T_MAN,A,1.2730000798743308,0.04148
case.lis,53,T_MAN,B,1.168383902659815,0.03846
case.lis,53,T_MAN,C,1.51279063162846,0.03558
case.lis,53,1_2LT,C,1.8584502604790685,0.03552
case.lis,53,1_2LT,A,1.5656293476042138,0.03569
case.lis,53,1_2LT,B,1.3161575121808353,0.04715
case.lis,53,T_OPO,A,1.6337805408379704,0.04266
case.lis,53,T_OPO,B,1.5564215057198896,0.03869
case.lis,53,T_OPO,C,1.7571255890731916,0.03534
case.lis,54,T_MAN,A,1.1617970393247956,0.03364
case.lis,54,T_MAN,B,1.22823451103597,0.02981
case.lis,54,T_MAN,C,1.3652699397392547,0.02732
case.lis,54,1_2LT,C,1.9268388313497875,0.02737
case.lis,54,1_2LT,A,1.4943915173460423,0.03371
case.lis,54,1_2LT,B,1.6027715505382643,0.03112
case.lis,54,T_OPO,A,1.6861751732829238,0.03356
case.lis,54,T_OPO,B,1.7330092210477737,0.03127
case.lis,54,T_OPO,C,1.8297491413509412,0.02755
case.lis,55,T_MAN,A,1.148309681656416,0.04248
case.lis,55,T_MAN,B,1.1865003949341923,0.03851
case.lis,55,T_MAN,C,1.2503774505888514,0.0353
case.lis,55,1_2LT,C,1.7690491404634485,0.03626
case.lis,55,1_2LT,A,1.7585584990725702,0.03537
case.lis,55,1_2LT,B,1.493344613363863,0.03846
case.lis,55,T_OPO,A,1.7565490117770264,0.0355
case.lis,55,T_OPO,B,1.604529265067405,0.03834
case.lis,55,T_OPO,C,1.7944134117876762,0.03645
case.lis,56,T_MAN,A,1.5761226958474224,0.03292
case.lis,56,T_MAN,B,1.3941152142850803,0.03144
case.lis,56,T_MAN,C,1.2081896039120672,0.03605
case.lis,56,1_2LT,C,1.5590870363960703,0.03589
case.lis,56,1_2LT,A,2.004715319009203,0.03304
case.lis,56,1_2LT,B,1.8864379598320866,0.03141
case.lis,56,T_OPO,A,1.8018174250290655,0.03319
case.lis,56,T_OPO,B,1.7831753596563629,0.03155
case.lis,56,T_OPO,C,1.7095645961465071,0.03723
case.lis,57,T_MAN,A,1.4051850865749,0.02429
case.lis,57,T_MAN,B,1.1913740514923188,0.02353
case.lis,57,T_MAN,C,1.2511527995953033,0.02812
case.lis,57,1_2LT,C,1.5222548878653142,0.02826
case.lis,57,1_2LT,A,1.9585532983661262,0.02419
case.lis,57,1_2LT,B,1.8382060935239668,0.02365
case.lis,57,T_OPO,A,1.813792610736885,0.0244
case.lis,57,T_OPO,B,1.7721843943306974,0.0238
case.lis,57,T_OPO,C,1.6388533241034107,0.0284
case.lis,58,T_MAN,A,1.3386595933509056,0.03357
case.lis,58,T_MAN,B,1.1897952377148842,0.03827
case.lis,58,T_MAN,C,1.2630586543837696,0.03537
case.lis,58,1_2LT,C,1.4107777097366812,0.03417
case.lis,58,1_2LT,A,1.8992432084631292,0.03369
case.lis,58,1_2LT,B,1.5817911374992235,0.03818
case.lis,58,T_OPO,A,1.817166928476974,0.03377
case.lis,58,T_OPO,B,1.7186004153465215,0.0368
case.lis,58,T_OPO,C,1.7386069029171882,0.03429
case.lis,59,T_MAN,A,1.4322183764210976,0.02523
case.lis,59,T_MAN,B,1.1618401270889356,0.02993
case.lis,59,T_MAN,C,1.206240288612583,0.02734
case.lis,59,1_2LT,C,1.6070430345145859,0.02566
case.lis,59,1_2LT,A,1.9101484775065007,0.0252
case.lis,59,1_2LT,B,1.714084764415098,0.0242
case.lis,59,T_OPO,A,1.8234918395058441,0.02537
case.lis,59,T_OPO,B,1.7392028541760962,0.03127
case.lis,59,T_OPO,C,1.745886480825723,0.02584
case.lis,60,T_MAN,A,1.5175817247530552,0.03437
case.lis,60,T_MAN,B,1.2279707393700579,0.03893
case.lis,60,T_MAN,C,1.2172446018264598,0.03597
case.lis,60,1_2LT,C,1.4984469767565698,0.0358
case.lis,60,1_2LT,A,1.8734884936588656,0.03449
case.lis,60,1_2LT,B,1.6195134943244849,0.03771
case.lis,60,T_OPO,A,1.7783618839692217,0.03463
case.lis,60,T_OPO,B,1.6605442193171633,0.0375
case.lis,60,T_OPO,C,1.688428871908198,0.03463
case.lis,61,T_MAN,A,1.2163687354118409,0.02486
case.lis,61,T_MAN,B,1.3982760101884146,0.02238
case.lis,61,T_MAN,C,1.087702104244877,0.02766
case.lis,61,1_2LT,C,1.2964213548461532,0.02729
case.lis,61,1_2LT,A,1.705847599776352,0.02499
case.lis,61,1_2LT,B,1.9130132147643264,0.02249
case.lis,61,T_OPO,A,1.7349422686085003,0.02515
case.lis,61,T_OPO,B,1.803843588309948,0.02263
case.lis,61,T_OPO,C,1.375616088465259,0.02711
case.lis,62,T_MAN,A,1.1834977679561933,0.03253
case.lis,62,T_MAN,B,1.154022027565519,0.03115
case.lis,62,T_MAN,C,1.1808738784312682,0.0279
case.lis,62,1_2LT,C,1.3165345190234032,0.02783
case.lis,62,1_2LT,A,1.4446805736751953,0.03376
case.lis,62,1_2LT,B,1.4464558871819448,0.03113
case.lis,62,T_OPO,A,1.653441350053693,0.03369
case.lis,62,T_OPO,B,1.5890524241859474,0.02974
case.lis,62,T_OPO,C,1.4958719880720999,0.02915
case.lis,63,T_MAN,A,1.1813512961828945,0.02684
case.lis,63,T_MAN,B,1.1924203697294036,0.03015
case.lis,63,T_MAN,C,1.1680145016285488,0.02774
case.lis,63,1_2LT,C,1.5355208250130905,0.02592
case.lis,63,1_2LT,A,1.9039544893811515,0.02682
case.lis,63,1_2LT,B,1.5921092059604,0.02448
case.lis,63,T_OPO,A,1.7998016454112198,0.02696
case.lis,63,T_OPO,B,1.6632305084444916,0.02463
case.lis,63,T_OPO,C,1.744646635959424,0.02608
case.lis,64,T_MAN,A,1.3972699841138831,0.0242
case.lis,64,T_MAN,B,1.1276980217790677,0.02362
case.lis,64,T_MAN,C,1.1898860814540677,0.02819
case.lis,64,1_2LT,C,1.4446216885433585,0.02819
case.lis,64,1_2LT,A,2.0495699211019107,0.02425
case.lis,64,1_2LT,B,1.9492108682339786,0.02371
case.lis,64,T_OPO,A,1.826431303637832,0.02438
case.lis,64,T_OPO,B,1.8432056320278316,0.02388
case.lis,64,T_OPO,C,1.7380002307480675,0.02836
case.lis,65,T_MAN,A,1.2242946031576984,0.03294
case.lis,65,T_MAN,B,1.3926308829663552,0.03134
case.lis,65,T_MAN,C,1.1762036617943326,0.03592
case.lis,65,1_2LT,C,1.5580493800864417,0.03577
case.lis,65,1_2LT,A,1.6551550893261269,0.03158
case.lis,65,1_2LT,B,1.8760240332987212,0.02988
case.lis,65,T_OPO,A,1.7683858906431658,0.03175
case.lis,65,T_OPO,B,1.7812118711005793,0.03002
case.lis,65,T_OPO,C,1.6979549508772864,0.0359
case.lis,66,T_MAN,A,1.3844245498193952,0.03275
case.lis,66,T_MAN,B,1.3792085341285265,0.03202
case.lis,66,T_MAN,C,1.1861640796258333,0.03678
case.lis,66,1_2LT,C,1.7077077131979022,0.02976
case.lis,66,1_2LT,A,1.8386918093310969,0.03268
case.lis,66,1_2LT,B,1.8649454635817424,0.03214
case.lis,66,T_OPO,A,1.828211862225654,0.03271
case.lis,66,T_OPO,B,1.7851987539604355,0.03227
case.lis,66,T_OPO,C,1.714556608713402,0.0299
case.lis,67,T_MAN,A,1.4866226381604055,0.03212
case.lis,67,T_MAN,B,1.3967835494377736,0.03211
case.lis,67,T_MAN,C,1.184027263771666,0.03647
case.lis,67,1_2LT,C,1.4529012753268191,0.03028
case.lis,67,1_2LT,A,1.7979618910691622,0.03222
case.lis,67,1_2LT,B,1.8176248036422695,0.03222
case.lis,67,T_OPO,A,1.7797766713703773,0.03339
case.lis,67,T_OPO,B,1.7762800749043728,0.03235
case.lis,67,T_OPO,C,1.4910631539710855,0.03043
case.lis,68,T_MAN,A,1.234422552961119,0.02512
case.lis,68,T_MAN,B,1.1950880836372995,0.03082
case.lis,68,T_MAN,C,1.1640421736467956,0.02791
case.lis,68,1_2LT,C,1.2859285479734106,0.02696
case.lis,68,1_2LT,A,1.6816803784268308,0.02366
case.lis,68,1_2LT,B,1.5695492425250939,0.02955
case.lis,68,T_OPO,A,1.7429489603024575,0.02506
case.lis,68,T_OPO,B,1.6806922442024548,0.03097
case.lis,68,T_OPO,C,1.5799198061716233,0.02556
case.lis,69,T_MAN,A,1.2209181998100764,0.04106
case.lis,69,T_MAN,B,1.4765460830515544,0.0386
case.lis,69,T_MAN,C,1.3164619221314022,0.03563
case.lis,69,1_2LT,C,1.8908572290707064,0.03559
case.lis,69,1_2LT,A,1.544110776822244,0.04119
case.lis,69,1_2LT,B,1.9278442361795218,0.03861
case.lis,69,T_OPO,A,1.7607198452212962,0.04134
case.lis,69,T_OPO,B,1.785665628300363,0.03883
case.lis,69,T_OPO,C,1.7788351660054846,0.03573
case.lis,70,T_MAN,A,1.2196230907816146,0.0331
case.lis,70,T_MAN,B,1.0716484908188895,0.03935
case.lis,70,T_MAN,C,1.2230718780230216,0.03696
case.lis,70,1_2LT,C,1.6892301001979109,0.0356
case.lis,70,1_2LT,A,1.5414215412195924,0.03172
case.lis,70,1_2LT,B,1.405298987370981,0.03942
case.lis,70,T_OPO,A,1.6967804165890112,0.03324
case.lis,70,T_OPO,B,1.6432961207699885,0.03959
case.lis,70,T_OPO,C,1.7363653629400855,0.03578
case.lis,71,T_MAN,A,1.185001730610506,0.02521
case.lis,71,T_MAN,B,1.1693599403604995,0.03033
case.lis,71,T_MAN,C,1.1953874260053072,0.02749
case.lis,71,1_2LT,C,1.4224849703133737,0.02766
case.lis,71,1_2LT,A,1.4235753525564225,0.02537
case.lis,71,1_2LT,B,1.6961711351917428,0.0244
case.lis,71,T_OPO,A,1.625960488830906,0.02555
case.lis,71,T_OPO,B,1.7317509163360756,0.02425
case.lis,71,T_OPO,C,1.590750614588603,0.02763
case.lis,72,T_MAN,A,1.2224390958225724,0.02473
case.lis,72,T_MAN,B,1.4943885264960906,0.02329
case.lis,72,T_MAN,C,1.2683291532433416,0.02806
case.lis,72,1_2LT,C,1.4571714990636953,0.02816
case.lis,72,1_2LT,A,1.3827928503598783,0.02472
case.lis,72,1_2LT,B,1.7892034399211907,0.02341
case.lis,72,T_OPO,A,1.6253417290130197,0.02355
case.lis,72,T_OPO,B,1.7806005750951837,0.02314
case.lis,72,T_OPO,C,1.6794136070360413,0.02532
case.lis,73,T_MAN,A,1.2175151095609575,0.02478
case.lis,73,T_MAN,B,1.3911705849463512,0.02247
case.lis,73,T_MAN,C,1.1432158293174295,0.02724
case.lis,73,1_2LT,C,1.3733514293067797,0.02741
case.lis,73,1_2LT,A,1.5259594238398253,0.02511
case.lis,73,1_2LT,B,1.9260922459774399,0.02258
case.lis,73,T_OPO,A,1.7029079581458506,0.02495
case.lis,73,T_OPO,B,1.804150962485689,0.02272
case.lis,73,T_OPO,C,1.487285834731134,0.02733
case.lis,74,T_MAN,A,1.2705902180569237,0.03233
case.lis,74,T_MAN,B,1.5451676917205817,0.0309
case.lis,74,T_MAN,C,1.1839608793276357,0.03531
case.lis,74,1_2LT,C,1.4713794651969792,0.03048
case.lis,74,1_2LT,A,1.4712702858613558,0.03353
case.lis,74,1_2LT,B,2.1141391765843958,0.03101
case.lis,74,T_OPO,A,1.7737227029473628,0.03216
case.lis,74,T_OPO,B,1.840922637272913,0.03115
case.lis,74,T_OPO,C,1.690608722276951,0.03064
case.lis,75,T_MAN,A,1.375280092654224,0.0329
case.lis,75,T_MAN,B,1.170556635338179,0.03196
case.lis,75,T_MAN,C,1.225329659114105,0.03648
case.lis,75,1_2LT,C,1.438162624138023,0.03512
case.lis,75,1_2LT,A,1.8124295641524002,0.03295
case.lis,75,1_2LT,B,1.8197909955004126,0.03208
case.lis,75,T_OPO,A,1.8565516032553229,0.0331
case.lis,75,T_OPO,B,1.7669066446568509,0.03223
case.lis,75,T_OPO,C,1.5472349281574767,0.03368
case.lis,76,T_MAN,A,1.1959093515091812,0.03339
case.lis,76,T_MAN,B,1.2374954959752211,0.03067
case.lis,76,T_MAN,C,1.1867318441208055,0.02746
case.lis,76,1_2LT,C,1.2636307320926188,0.02786
case.lis,76,1_2LT,A,1.5139200546695422,0.02755
case.lis,76,1_2LT,B,1.6074948747304243,0.03063
case.lis,76,T_OPO,A,1.641414396904426,0.02769
case.lis,76,T_OPO,B,1.7184619753809562,0.03053
case.lis,76,T_OPO,C,1.3048423724451306,0.0287
case.lis,77,T_MAN,A,1.2947144492664875,0.02375
case.lis,77,T_MAN,B,1.4215877597025126,0.02317
case.lis,77,T_MAN,C,1.1444666080921573,0.02757
case.lis,77,1_2LT,C,1.424806411246306,0.0279
case.lis,77,1_2LT,A,1.8873960080584324,0.02382
case.lis,77,1_2LT,B,1.8708103250885275,0.0233
case.lis,77,T_OPO,A,1.8170926630989463,0.02397
case.lis,77,T_OPO,B,1.803858711183294,0.0233
case.lis,77,T_OPO,C,1.5658502090044997,0.02791
case.lis,78,T_MAN,A,1.5076827391570595,0.03368
case.lis,78,T_MAN,B,1.1439113927420859,0.03909
case.lis,78,T_MAN,C,1.218646662584201,0.03511
case.lis,78,1_2LT,C,1.7056862536276258,0.03632
case.lis,78,1_2LT,A,1.8790614233605791,0.0338
case.lis,78,1_2LT,B,1.1697335747313118,0.0466
case.lis,78,T_OPO,A,1.779084870914206,0.03394
case.lis,78,T_OPO,B,1.2486363676704209,0.04662
case.lis,78,T_OPO,C,1.7464530472057296,0.03495
case.lis,79,T_MAN,A,1.211401705760714,0.02575
case.lis,79,T_MAN,B,1.4289479396860052,0.02124
case.lis,79,T_MAN,C,1.2804089565749888,0.02133
case.lis,79,1_2LT,C,1.629130346033352,0.02119
case.lis,79,1_2LT,A,1.2421379695945047,0.02442
case.lis,79,1_2LT,B,1.9270680085554284,0.02129
case.lis,79,T_OPO,A,1.3657998526762338,0.02453
case.lis,79,T_OPO,B,1.7963602864826007,0.02143
case.lis,79,T_OPO,C,1.7843100189035919,0.02101
case.lis,80,T_MAN,A,1.2495333475332144,0.03406
case.lis,80,T_MAN,B,1.2251991089574625,0.03025
case.lis,80,T_MAN,C,1.4339711209918617,0.02781
case.lis,80,1_2LT,C,1.9204460803890768,0.02792
case.lis,80,1_2LT,A,1.5228807476237385,0.03269
case.lis,80,1_2LT,B,1.4646029802000409,0.03029
case.lis,80,T_OPO,A,1.6002790809126974,0.03384
case.lis,80,T_OPO,B,1.5907524161985143,0.02895
case.lis,80,T_OPO,C,1.7982028630510218,0.02785
case.lis,81,T_MAN,A,1.1199666302794713,0.04218
case.lis,81,T_MAN,B,1.236458239037248,0.03811
case.lis,81,T_MAN,C,1.3228443249287787,0.0356
case.lis,81,1_2LT,C,1.8876742369782653,0.03572
case.lis,81,1_2LT,A,1.383795894459384,0.04203
case.lis,81,1_2LT,B,1.869385970517497,0.03819
case.lis,81,T_OPO,A,1.5042823291354934,0.04197
case.lis,81,T_OPO,B,1.7828328762746612,0.03836
case.lis,81,T_OPO,C,1.7709071949022428,0.03586
case.lis,82,T_MAN,A,1.2752523141368692,0.03476
case.lis,82,T_MAN,B,1.1196183604462313,0.03946
case.lis,82,T_MAN,C,1.2710065940697746,0.03617
case.lis,82,1_2LT,C,1.5584532779537972,0.03619
case.lis,82,1_2LT,A,1.835048856465827,0.03475
case.lis,82,1_2LT,B,1.2711004464087614,0.03809
case.lis,82,T_OPO,A,1.7904943511098095,0.03479
case.lis,82,T_OPO,B,1.4860125668947521,0.03919
case.lis,82,T_OPO,C,1.6905156331815723,0.03753
case.lis,83,T_MAN,A,1.4680816848158897,0.03365
case.lis,83,T_MAN,B,1.2593811514328568,0.03147
case.lis,83,T_MAN,C,1.2289940271750224,0.03646
case.lis,83,1_2LT,C,1.5339733042235772,0.03509
case.lis,83,1_2LT,A,1.8998433309371034,0.03376
case.lis,83,1_2LT,B,1.8718414583277867,0.0316
case.lis,83,T_OPO,A,1.836690451467469,0.03357
case.lis,83,T_OPO,B,1.7893822164239375,0.03174
case.lis,83,T_OPO,C,1.7457073759507264,0.03643
case.lis,84,T_MAN,A,1.307140587697578,0.02429
case.lis,84,T_MAN,B,1.1533406995216415,0.03066
case.lis,84,T_MAN,C,1.3134831154539082,0.02812
case.lis,84,1_2LT,C,1.4372238700000888,0.02821
case.lis,84,1_2LT,A,1.8806252385136273,0.0244
case.lis,84,1_2LT,B,1.3290455904931795,0.03055
case.lis,84,T_OPO,A,1.7795073528759195,0.02455
case.lis,84,T_OPO,B,1.6250867523984487,0.02918
case.lis,84,T_OPO,C,1.7396966639154399,0.02674
case.lis,85,T_MAN,A,1.1012277572175333,0.04203
case.lis,85,T_MAN,B,1.1634692084453793,0.03811
case.lis,85,T_MAN,C,1.1562903698181528,0.03583
case.lis,85,1_2LT,C,1.464721371708512,0.03438
case.lis,85,1_2LT,A,1.3345249696033794,0.04209
case.lis,85,1_2LT,B,1.6169643139238707,0.03825
case.lis,85,T_OPO,A,1.5147335303566833,0.04226
case.lis,85,T_OPO,B,1.7493775304631822,0.03837
case.lis,85,T_OPO,C,1.6540668459401653,0.03587
case.lis,86,T_MAN,A,1.4233800953167017,0.03376
case.lis,86,T_MAN,B,1.0956110120077744,0.03968
case.lis,86,T_MAN,C,1.1848008022932808,0.03502
case.lis,86,1_2LT,C,1.6410756409915068,0.03639
case.lis,86,1_2LT,A,1.955325780771586,0.03388
case.lis,86,1_2LT,B,1.2194486541175218,0.03714
case.lis,86,T_OPO,A,1.8013489887022196,0.03403
case.lis,86,T_OPO,B,1.3788438723075696,0.03851
case.lis,86,T_OPO,C,1.7486055716783373,0.03503
case.lis,87,T_MAN,A,1.2075272682091287,0.02406
case.lis,87,T_MAN,B,1.14628584360606,0.03023
case.lis,87,T_MAN,C,1.2212484269194246,0.0276
case.lis,87,1_2LT,C,1.7305710925920996,0.02646
case.lis,87,1_2LT,A,1.9026543127701305,0.02401
case.lis,87,1_2LT,B,1.4427882531483798,0.02444
case.lis,87,T_OPO,A,1.8234957444731401,0.02418
case.lis,87,T_OPO,B,1.630625140889445,0.02468
case.lis,87,T_OPO,C,1.775996343530623,0.02649
case.lis,88,T_MAN,A,1.1894543251950265,0.03361
case.lis,88,T_MAN,B,1.5934890882788857,0.03117
case.lis,88,T_MAN,C,1.22826486328177,0.03597
case.lis,88,1_2LT,C,1.5483429626276881,0.03605
case.lis,88,1_2LT,A,1.402184083708299,0.03374
case.lis,88,1_2LT,B,2.0287520079519332,0.03128
case.lis,88,T_OPO,A,1.6644784649928557,0.03241
case.lis,88,T_OPO,B,1.8147163130008788,0.03141
case.lis,88,T_OPO,C,1.7327953353390664,0.03468
case.lis,89,T_MAN,A,1.2724607417662879,0.03353
case.lis,89,T_MAN,B,1.197636518544157,0.03126
case.lis,89,T_MAN,C,1.4349557052459685,0.02885
case.lis,89,1_2LT,C,1.9754796009833417,0.02892
case.lis,89,1_2LT,A,1.6438292109303585,0.03216
case.lis,89,1_2LT,B,1.4350699787889276,0.03138
case.lis,89,T_OPO,A,1.7027536675630341,0.03233
case.lis,89,T_OPO,B,1.7551407119465374,0.02856
case.lis,89,T_OPO,C,1.8017584777727487,0.02905
case.lis,90,T_MAN,A,1.1219144368415914,0.03313
case.lis,90,T_MAN,B,1.3059877348527207,0.03041
case.lis,90,T_MAN,C,1.3770465401102265,0.02788
case.lis,90,1_2LT,C,2.00218172297807,0.02789
case.lis,90,1_2LT,A,1.5657797953442139,0.02735
case.lis,90,1_2LT,B,1.6695166715478758,0.03047
case.lis,90,T_OPO,A,1.5940411974049717,0.02716
case.lis,90,T_OPO,B,1.76671237253388,0.03065
case.lis,90,T_OPO,C,1.8260443480035855,0.02813
case.lis,91,T_MAN,A,1.2496743789770761,0.04146
case.lis,91,T_MAN,B,1.2149890927163485,0.03824
case.lis,91,T_MAN,C,1.2313245205321406,0.04425
case.lis,91,1_2LT,C,1.6549349024201923,0.03835
case.lis,91,1_2LT,A,1.5745198221464896,0.04158
case.lis,91,1_2LT,B,1.473178013259139,0.03817
case.lis,91,T_OPO,A,1.6666682641532877,0.04025
case.lis,91,T_OPO,B,1.62338013969133,0.03799
case.lis,91,T_OPO,C,1.7072949670296511,0.04411
case.lis,92,T_MAN,A,1.4956874517425918,0.03233
case.lis,92,T_MAN,B,1.3961812969816376,0.03233
case.lis,92,T_MAN,C,1.1554493818614269,0.03594
case.lis,92,1_2LT,C,1.2109943555472724,0.04447
case.lis,92,1_2LT,A,1.8689736947203066,0.03244
case.lis,92,1_2LT,B,1.7261474835148256,0.03243
case.lis,92,T_OPO,A,1.770723049069464,0.03258
case.lis,92,T_OPO,B,1.7444242391969966,0.03257
case.lis,92,T_OPO,C,1.3285190411530303,0.03564
case.lis,93,T_MAN,A,1.1482304551949378,0.0334
case.lis,93,T_MAN,B,1.2115613656735624,0.0298
case.lis,93,T_MAN,C,1.381971413864409,0.02746
case.lis,93,1_2LT,C,1.8288415914516716,0.02742
case.lis,93,1_2LT,A,1.2356904958420971,0.03201
case.lis,93,1_2LT,B,1.57685437134464,0.02995
case.lis,93,T_OPO,A,1.4146485174436663,0.03217
case.lis,93,T_OPO,B,1.7472851602367832,0.03007
case.lis,93,T_OPO,C,1.7525795592711912,0.02757
case.lis,94,T_MAN,A,1.4331402149506998,0.02431
case.lis,94,T_MAN,B,1.1403229052956683,0.02429
case.lis,94,T_MAN,C,1.1499009469545691,0.02734
case.lis,94,1_2LT,C,1.3344346761095875,0.02743
case.lis,94,1_2LT,A,1.567105709239685,0.02693
case.lis,94,1_2LT,B,1.565612218997666,0.02427
case.lis,94,T_OPO,A,1.7828880783123442,0.02552
case.lis,94,T_OPO,B,1.7634537749496348,0.02425
case.lis,94,T_OPO,C,1.4466159109667456,0.02759
case.lis,95,T_MAN,A,1.2838841200954942,0.03418
case.lis,95,T_MAN,B,1.2028051332570089,0.03879
case.lis,95,T_MAN,C,1.2748337282675257,0.03631
case.lis,95,1_2LT,C,1.8965808461354137,0.03496
case.lis,95,1_2LT,A,1.886792397738669,0.03431
case.lis,95,1_2LT,B,1.5363414006407696,0.0389
case.lis,95,T_OPO,A,1.7866143756046042,0.03446
case.lis,95,T_OPO,B,1.6129298348376333,0.03895
case.lis,95,T_OPO,C,1.792959077717724,0.03519
case.lis,96,T_MAN,A,1.1318221021148949,0.03347
case.lis,96,T_MAN,B,1.3184104120627989,0.0296
case.lis,96,T_MAN,C,1.313551949377424,0.02845
case.lis,96,1_2LT,C,1.8874617890075172,0.02841
case.lis,96,1_2LT,A,1.196401688010863,0.0334
case.lis,96,1_2LT,B,1.7727454582567872,0.02964
case.lis,96,T_OPO,A,1.3273987592853909,0.03319
case.lis,96,T_OPO,B,1.7805474941647363,0.02957
case.lis,96,T_OPO,C,1.7903271031355112,0.02855
case.lis,97,T_MAN,A,1.274025045040248,0.02696
case.lis,97,T_MAN,B,1.2343994781543703,0.03046
case.lis,97,T_MAN,C,1.3534721815454795,0.02782
case.lis,97,1_2LT,C,1.911056338028169,0.0279
case.lis,97,1_2LT,A,1.7369039821791492,0.027
case.lis,97,1_2LT,B,1.5483728711272045,0.0303
case.lis,97,T_OPO,A,1.7785003150598613,0.02714
case.lis,97,T_OPO,B,1.616409027574394,0.03024
case.lis,97,T_OPO,C,1.8077783664811808,0.02808
case.lis,98,T_MAN,A,1.161347213717085,0.04142
case.lis,98,T_MAN,B,1.2968853004606085,0.03872
case.lis,98,T_MAN,C,1.341529593439655,0.03606
case.lis,98,1_2LT,C,1.9059854273720458,0.03602
case.lis,98,1_2LT,A,1.3404417937999769,0.04155
case.lis,98,1_2LT,B,1.5826343264375162,0.03763
case.lis,98,T_OPO,A,1.548520461141138,0.04022
case.lis,98,T_OPO,B,1.733602598578237,0.03894
case.lis,98,T_OPO,C,1.7900905242418594,0.03616
case.lis,99,T_MAN,A,1.2204725897920605,0.02512
case.lis,99,T_MAN,B,1.1909479219361538,0.02214
case.lis,99,T_MAN,C,1.1626573923693388,0.02808
case.lis,99,1_2LT,C,1.5298859572051082,0.02189
case.lis,99,1_2LT,A,1.437312938754138,0.02495
case.lis,99,1_2LT,B,1.7153266327644505,0.02089
case.lis,99,T_OPO,A,1.6308089494750482,0.02496
case.lis,99,T_OPO,B,1.7499588558445822,0.02103
case.lis,99,T_OPO,C,1.718699557141209,0.02192
case.lis,100,T_MAN,A,1.1614686227002848,0.04186
case.lis,100,T_MAN,B,1.2308298587999325,0.03959
case.lis,100,T_MAN,C,1.3642546393673953,0.03712
case.lis,100,1_2LT,C,1.8957021397445797,0.03724
case.lis,100,1_2LT,A,1.3175737728196528,0.04202
case.lis,100,1_2LT,B,1.5966545346432723,0.03971
case.lis,100,T_OPO,A,1.4630663755691045,0.04206
case.lis,100,T_OPO,B,1.7034585940342748,0.03989
case.lis,100,T_OPO,C,1.783076936730655,0.03738
