source_file,simulation,terminal,phase,value_pu,time,dbscan_cluster,kmeans_cluster,sigma_flag,method_agreement,anomaly_candidate,anomaly_reasons
case.lis,1,T_MAN,A,1.3468654,0.02636,0,0,false,0,false,""
case.lis,1,1_2LT,A,2.0720003,0.02649,0,1,false,1,true,kmeans_highest_centroid
case.lis,1,T_OPO,A,1.9879941,0.02664,0,1,false,1,true,kmeans_highest_centroid
case.lis,2,T_MAN,A,1.2825829,0.04163,0,0,false,0,false,""
case.lis,2,1_2LT,A,1.4295111999999999,0.04179,0,0,false,0,false,""
case.lis,2,T_OPO,A,1.5890229999999999,0.04183,0,0,false,0,false,""
case.lis,3,T_MAN,A,1.1978294999999999,0.02503,0,0,false,0,false,""
case.lis,3,1_2LT,A,1.3578968,0.0245,0,0,false,0,false,""
case.lis,3,T_OPO,A,1.4137857,0.02468,0,0,false,0,false,""
case.lis,4,T_MAN,A,1.32934627,0.03306,0,0,false,0,false,""
case.lis,4,1_2LT,A,1.960429,0.02722,0,1,false,1,true,kmeans_highest_centroid
case.lis,4,T_OPO,A,1.9566052999999999,0.02736,0,1,false,1,true,kmeans_highest_centroid
case.lis,5,T_MAN,A,1.34420805,0.03282,0,0,false,0,false,""
case.lis,5,1_2LT,A,1.65768907,0.03398,0,0,false,0,false,""
case.lis,5,T_OPO,A,1.96402039,0.03416,0,1,false,1,true,kmeans_highest_centroid
case.lis,6,T_MAN,A,1.38081958,0.03327,0,0,false,0,false,""
case.lis,6,1_2LT,A,1.7947442999999998,0.02733,0,1,false,1,true,kmeans_highest_centroid
case.lis,6,T_OPO,A,1.9822073,0.02713,0,1,false,1,true,kmeans_highest_centroid
case.lis,7,T_MAN,A,1.6711241000000001,0.02616,0,0,false,0,false,""
case.lis,7,1_2LT,A,2.1280825,0.02627,0,1,false,1,true,kmeans_highest_centroid
case.lis,7,T_OPO,A,2.0498155,0.02641,0,1,false,1,true,kmeans_highest_centroid
case.lis,8,T_MAN,A,1.3559539999999999,0.04117,0,0,false,0,false,""
case.lis,8,1_2LT,A,1.5234762,0.0412,0,0,false,0,false,""
case.lis,8,T_OPO,A,1.8542492000000002,0.04092,0,1,false,1,true,kmeans_highest_centroid
case.lis,9,T_MAN,A,1.294119,0.04124,0,0,false,0,false,""
case.lis,9,1_2LT,A,1.3434255,0.04024,0,0,false,0,false,""
case.lis,9,T_OPO,A,1.7028087,0.04007,0,1,false,1,true,kmeans_highest_centroid
case.lis,10,T_MAN,A,1.2900588800000001,0.03343,0,0,false,0,false,""
case.lis,10,1_2LT,A,1.45692192,0.03211,0,0,false,0,false,""
case.lis,10,T_OPO,A,1.7700927499999999,0.03226,0,1,false,1,true,kmeans_highest_centroid
case.lis,11,T_MAN,A,1.3825705,0.04132,0,0,false,0,false,""
case.lis,11,1_2LT,A,1.5636396,0.04019,0,0,false,0,false,""
case.lis,11,T_OPO,A,1.9201728,0.04014,0,1,false,1,true,kmeans_highest_centroid
case.lis,12,T_MAN,A,1.4122503,0.04074,0,0,false,0,false,""
case.lis,12,1_2LT,A,1.5560479999999999,0.04075,0,0,false,0,false,""
case.lis,12,T_OPO,A,1.7507982,0.04193,0,1,false,1,true,kmeans_highest_centroid
case.lis,13,T_MAN,A,1.7082696,0.0247,0,1,false,1,true,kmeans_highest_centroid
case.lis,13,1_2LT,A,2.2734565,0.02474,0,1,false,1,true,kmeans_highest_centroid
case.lis,13,T_OPO,A,2.0739046,0.02489,0,1,false,1,true,kmeans_highest_centroid
case.lis,14,T_MAN,A,1.4530076,0.02428,0,0,false,0,false,""
case.lis,14,1_2LT,A,1.7890582000000002,0.02436,0,1,false,1,true,kmeans_highest_centroid
case.lis,14,T_OPO,A,1.9772629000000002,0.02449,0,1,false,1,true,kmeans_highest_centroid
case.lis,15,T_MAN,A,1.3017741,0.04144,0,0,false,0,false,""
case.lis,15,1_2LT,A,1.9178594500000001,0.03563,0,1,false,1,true,kmeans_highest_centroid
case.lis,15,T_OPO,A,1.9672397099999999,0.03546,0,1,false,1,true,kmeans_highest_centroid
case.lis,16,T_MAN,A,1.3719378,0.0233,0,0,false,0,false,""
case.lis,16,1_2LT,A,1.5474326999999999,0.025,0,0,false,0,false,""
case.lis,16,T_OPO,A,1.7922618,0.02517,0,1,false,1,true,kmeans_highest_centroid
case.lis,17,T_MAN,A,1.33554122,0.03376,0,0,false,0,false,""
case.lis,17,1_2LT,A,2.0644712899999997,0.03382,0,1,false,1,true,kmeans_highest_centroid
case.lis,17,T_OPO,A,2.00210793,0.03398,0,1,false,1,true,kmeans_highest_centroid
case.lis,18,T_MAN,A,1.2276885,0.04131,0,0,false,0,false,""
case.lis,18,1_2LT,A,1.4947754,0.04267,0,0,false,0,false,""
case.lis,18,T_OPO,A,1.5070497,0.04134,0,0,false,0,false,""
case.lis,19,T_MAN,A,1.2253763,0.04075,0,0,false,0,false,""
case.lis,19,1_2LT,A,1.3278409,0.04213,0,0,false,0,false,""
case.lis,19,T_OPO,A,1.4793369,0.04196,0,0,false,0,false,""
case.lis,20,T_MAN,A,1.63876216,0.03415,0,0,false,0,false,""
case.lis,20,1_2LT,A,2.29831264,0.03427,0,1,false,1,true,kmeans_highest_centroid
case.lis,20,T_OPO,A,2.05374862,0.03441,0,1,false,1,true,kmeans_highest_centroid
case.lis,21,T_MAN,A,1.4304805999999999,0.04214,0,0,false,0,false,""
case.lis,21,1_2LT,A,1.9264521,0.04214,0,1,false,1,true,kmeans_highest_centroid
case.lis,21,T_OPO,A,1.9690576999999998,0.04193,0,1,false,1,true,kmeans_highest_centroid
case.lis,22,T_MAN,A,1.3341244,0.02532,0,0,false,0,false,""
case.lis,22,1_2LT,A,1.6929545000000001,0.02539,0,0,false,0,false,""
case.lis,22,T_OPO,A,1.990042,0.0241,0,1,false,1,true,kmeans_highest_centroid
case.lis,23,T_MAN,A,1.51756149,0.03368,0,0,false,0,false,""
case.lis,23,1_2LT,A,1.93386791,0.03245,0,1,false,1,true,kmeans_highest_centroid
case.lis,23,T_OPO,A,2.0283671400000003,0.0339,0,1,false,1,true,kmeans_highest_centroid
case.lis,24,T_MAN,A,1.3569123,0.02477,0,0,false,0,false,""
case.lis,24,1_2LT,A,1.7870444,0.02347,0,1,false,1,true,kmeans_highest_centroid
case.lis,24,T_OPO,A,1.9144375,0.02362,0,1,false,1,true,kmeans_highest_centroid
case.lis,25,T_MAN,A,1.5103116,0.02606,0,0,false,0,false,""
case.lis,25,1_2LT,A,2.12466,0.02604,0,1,false,1,true,kmeans_highest_centroid
case.lis,25,T_OPO,A,2.0386215,0.02632,0,1,false,1,true,kmeans_highest_centroid
case.lis,26,T_MAN,A,1.2296225,0.02431,0,0,false,0,false,""
case.lis,26,1_2LT,A,1.2954046000000001,0.02574,0,0,false,0,false,""
case.lis,26,T_OPO,A,1.3689696,0.02463,0,0,false,0,false,""
case.lis,27,T_MAN,A,1.3848867999999999,0.025,0,0,false,0,false,""
case.lis,27,1_2LT,A,2.0356107999999997,0.02356,0,1,false,1,true,kmeans_highest_centroid
case.lis,27,T_OPO,A,2.040572,0.02491,0,1,false,1,true,kmeans_highest_centroid
case.lis,28,T_MAN,A,1.5198048000000002,0.0254,0,0,false,0,false,""
case.lis,28,1_2LT,A,1.9962361,0.02552,0,1,false,1,true,kmeans_highest_centroid
case.lis,28,T_OPO,A,2.0225395,0.02548,0,1,false,1,true,kmeans_highest_centroid
case.lis,29,T_MAN,A,1.3801103,0.04008,0,0,false,0,false,""
case.lis,29,1_2LT,A,1.9988544,0.04018,0,1,false,1,true,kmeans_highest_centroid
case.lis,29,T_OPO,A,1.9555992000000002,0.03874,0,1,false,1,true,kmeans_highest_centroid
case.lis,30,T_MAN,A,1.6153905,0.0254,0,0,false,0,false,""
case.lis,30,1_2LT,A,2.1568791,0.02547,0,1,false,1,true,kmeans_highest_centroid
case.lis,30,T_OPO,A,2.1174313000000002,0.02564,0,1,false,1,true,kmeans_highest_centroid
case.lis,31,T_MAN,A,1.3841984,0.04145,0,0,false,0,false,""
case.lis,31,1_2LT,A,1.7222718,0.04147,0,1,false,1,true,kmeans_highest_centroid
case.lis,31,T_OPO,A,1.8883531,0.04141,0,1,false,1,true,kmeans_highest_centroid
case.lis,32,T_MAN,A,1.50945595,0.03355,0,0,false,0,false,""
case.lis,32,1_2LT,A,1.6139717000000002,0.03358,0,0,false,0,false,""
case.lis,32,T_OPO,A,1.83881195,0.03477,0,1,false,1,true,kmeans_highest_centroid
case.lis,33,T_MAN,A,1.36036486,0.0333,0,0,false,0,false,""
case.lis,33,1_2LT,A,1.8481321,0.03319,0,1,false,1,true,kmeans_highest_centroid
case.lis,33,T_OPO,A,1.86889352,0.03305,0,1,false,1,true,kmeans_highest_centroid
case.lis,34,T_MAN,A,1.38412378,0.03331,0,0,false,0,false,""
case.lis,34,1_2LT,A,1.88754994,0.03208,0,1,false,1,true,kmeans_highest_centroid
case.lis,34,T_OPO,A,1.96532266,0.03221,0,1,false,1,true,kmeans_highest_centroid
case.lis,35,T_MAN,A,1.57303585,0.03291,0,0,false,0,false,""
case.lis,35,1_2LT,A,1.90391084,0.03285,0,1,false,1,true,kmeans_highest_centroid
case.lis,35,T_OPO,A,1.9569002299999998,0.03267,0,1,false,1,true,kmeans_highest_centroid
case.lis,36,T_MAN,A,1.4067602,0.04114,0,0,false,0,false,""
case.lis,36,1_2LT,A,1.5847460999999998,0.04102,0,0,false,0,false,""
case.lis,36,T_OPO,A,1.9478792999999999,0.03968,0,1,false,1,true,kmeans_highest_centroid
case.lis,37,T_MAN,A,1.4332639999999999,0.02619,0,0,false,0,false,""
case.lis,37,1_2LT,A,2.042624,0.02624,0,1,false,1,true,kmeans_highest_centroid
case.lis,37,T_OPO,A,2.0387154,0.02642,0,1,false,1,true,kmeans_highest_centroid
case.lis,38,T_MAN,A,1.46117052,0.03464,0,0,false,0,false,""
case.lis,38,1_2LT,A,2.17495292,0.03477,0,1,false,1,true,kmeans_highest_centroid
case.lis,38,T_OPO,A,2.02772125,0.03491,0,1,false,1,true,kmeans_highest_centroid
case.lis,39,T_MAN,A,1.6407545000000001,0.02431,0,0,false,0,false,""
case.lis,39,1_2LT,A,2.0825332999999997,0.02428,0,1,false,1,true,kmeans_highest_centroid
case.lis,39,T_OPO,A,1.9881582,0.02398,0,1,false,1,true,kmeans_highest_centroid
case.lis,40,T_MAN,A,1.28086285,0.03363,0,0,false,0,false,""
case.lis,40,1_2LT,A,1.47656864,0.03379,0,0,false,0,false,""
case.lis,40,T_OPO,A,1.57748107,0.03244,0,0,false,0,false,""
case.lis,41,T_MAN,A,1.8611293,0.02555,0,1,true,2,true,sigma_3;kmeans_highest_centroid
case.lis,41,1_2LT,A,2.2636028,0.02565,0,1,false,1,true,kmeans_highest_centroid
case.lis,41,T_OPO,A,2.0137348999999998,0.02579,0,1,false,1,true,kmeans_highest_centroid
case.lis,42,T_MAN,A,1.3072651,0.04171,0,0,false,0,false,""
case.lis,42,1_2LT,A,1.82715921,0.03584,0,1,false,1,true,kmeans_highest_centroid
case.lis,42,T_OPO,A,1.92324351,0.03602,0,1,false,1,true,kmeans_highest_centroid
case.lis,43,T_MAN,A,1.5054535,0.02363,0,0,false,0,false,""
case.lis,43,1_2LT,A,2.0118189,0.02359,0,1,false,1,true,kmeans_highest_centroid
case.lis,43,T_OPO,A,2.0250014000000003,0.02485,0,1,false,1,true,kmeans_highest_centroid
case.lis,44,T_MAN,A,1.7112593,0.02489,0,1,false,1,true,kmeans_highest_centroid
case.lis,44,1_2LT,A,2.0190147,0.02492,0,1,false,1,true,kmeans_highest_centroid
case.lis,44,T_OPO,A,2.0007017,0.02487,0,1,false,1,true,kmeans_highest_centroid
case.lis,45,T_MAN,A,1.31628,0.02445,0,0,false,0,false,""
case.lis,45,1_2LT,A,1.4650614000000002,0.02437,0,0,false,0,false,""
case.lis,45,T_OPO,A,1.6778757999999998,0.02455,0,0,false,0,false,""
case.lis,46,T_MAN,A,1.38244778,0.03273,0,0,false,0,false,""
case.lis,46,1_2LT,A,1.7659864,0.03157,0,1,false,1,true,kmeans_highest_centroid
case.lis,46,T_OPO,A,1.8954689000000002,0.02792,0,1,false,1,true,kmeans_highest_centroid
case.lis,47,T_MAN,A,1.4240087,0.02676,0,0,false,0,false,""
case.lis,47,1_2LT,A,2.0356083,0.02687,0,1,false,1,true,kmeans_highest_centroid
case.lis,47,T_OPO,A,1.9777533999999999,0.02701,0,1,false,1,true,kmeans_highest_centroid
case.lis,48,T_MAN,A,1.3567118599999999,0.03355,0,0,false,0,false,""
case.lis,48,1_2LT,A,1.75227861,0.03191,0,1,false,1,true,kmeans_highest_centroid
case.lis,48,T_OPO,A,1.9606129,0.03334,0,1,false,1,true,kmeans_highest_centroid
case.lis,49,T_MAN,A,1.41338225,0.03505,0,0,false,0,false,""
case.lis,49,1_2LT,A,2.03844737,0.03517,0,1,false,1,true,kmeans_highest_centroid
case.lis,49,T_OPO,A,1.9776226000000001,0.0353,0,1,false,1,true,kmeans_highest_centroid
case.lis,50,T_MAN,A,1.5525981,0.02608,0,0,false,0,false,""
case.lis,50,1_2LT,A,2.0352013,0.0262,0,1,false,1,true,kmeans_highest_centroid
case.lis,50,T_OPO,A,1.994155,0.02633,0,1,false,1,true,kmeans_highest_centroid
